sample_id	Population	Population Description	Gender	cram_path	crai_path	high_confidence_vcf_path	high_confidence_bed_path	autosomal_high_confidence_bp
HG01993	PEL	Peruvian in Lima, Peru	female	gs://fc-56ac46ea-efc4-4683-b6d5-6d95bed41c5e/CCDG_14151/Project_CCDG_14151_B01_GRM_WGS.cram.2020-02-12/Sample_HG01993/analysis/HG01993.final.cram	gs://fc-56ac46ea-efc4-4683-b6d5-6d95bed41c5e/CCDG_14151/Project_CCDG_14151_B01_GRM_WGS.cram.2020-02-12/Sample_HG01993/analysis/HG01993.final.cram.crai	gs://str-truth-set-v2/filter_vcf_v2__2025_12_29/HG01993/HG01993.high_confidence_regions.vcf.gz	gs://str-truth-set-v2/dipcall_pipeline/HPRC_release2/HG01993/HG01993.dip.bed.gz	2654144793
HG02293	PEL	Peruvian in Lima, Peru	female	gs://fc-56ac46ea-efc4-4683-b6d5-6d95bed41c5e/CCDG_14151/Project_CCDG_14151_B01_GRM_WGS.cram.2020-02-12/Sample_HG02293/analysis/HG02293.final.cram	gs://fc-56ac46ea-efc4-4683-b6d5-6d95bed41c5e/CCDG_14151/Project_CCDG_14151_B01_GRM_WGS.cram.2020-02-12/Sample_HG02293/analysis/HG02293.final.cram.crai	gs://str-truth-set-v2/filter_vcf_v2__2025_12_29/HG02293/HG02293.high_confidence_regions.vcf.gz	gs://str-truth-set-v2/dipcall_pipeline/HPRC_release2/HG02293/HG02293.dip.bed.gz	2654024806
HG02004	PEL	Peruvian in Lima, Peru	female	gs://fc-56ac46ea-efc4-4683-b6d5-6d95bed41c5e/CCDG_14151/Project_CCDG_14151_B01_GRM_WGS.cram.2020-02-12/Sample_HG02004/analysis/HG02004.final.cram	gs://fc-56ac46ea-efc4-4683-b6d5-6d95bed41c5e/CCDG_14151/Project_CCDG_14151_B01_GRM_WGS.cram.2020-02-12/Sample_HG02004/analysis/HG02004.final.cram.crai	gs://str-truth-set-v2/filter_vcf_v2__2025_12_29/HG02004/HG02004.high_confidence_regions.vcf.gz	gs://str-truth-set-v2/dipcall_pipeline/HPRC_release2/HG02004/HG02004.dip.bed.gz	2653424237
HG01975	PEL	Peruvian in Lima, Peru	female	gs://fc-56ac46ea-efc4-4683-b6d5-6d95bed41c5e/CCDG_14151/Project_CCDG_14151_B01_GRM_WGS.cram.2020-02-12/Sample_HG01975/analysis/HG01975.final.cram	gs://fc-56ac46ea-efc4-4683-b6d5-6d95bed41c5e/CCDG_14151/Project_CCDG_14151_B01_GRM_WGS.cram.2020-02-12/Sample_HG01975/analysis/HG01975.final.cram.crai	gs://str-truth-set-v2/filter_vcf_v2__2025_12_29/HG01975/HG01975.high_confidence_regions.vcf.gz	gs://str-truth-set-v2/dipcall_pipeline/HPRC_release2/HG01975/HG01975.dip.bed.gz	2653336509
HG01940	PEL	Peruvian in Lima, Peru	female	gs://fc-56ac46ea-efc4-4683-b6d5-6d95bed41c5e/CCDG_14151/Project_CCDG_14151_B01_GRM_WGS.cram.2020-02-12/Sample_HG01940/analysis/HG01940.final.cram	gs://fc-56ac46ea-efc4-4683-b6d5-6d95bed41c5e/CCDG_14151/Project_CCDG_14151_B01_GRM_WGS.cram.2020-02-12/Sample_HG01940/analysis/HG01940.final.cram.crai	gs://str-truth-set-v2/filter_vcf_v2__2025_12_29/HG01940/HG01940.high_confidence_regions.vcf.gz	gs://str-truth-set-v2/dipcall_pipeline/HPRC_release2/HG01940/HG01940.dip.bed.gz	2652885036
HG02273	PEL	Peruvian in Lima, Peru	female	gs://fc-56ac46ea-efc4-4683-b6d5-6d95bed41c5e/CCDG_14151/Project_CCDG_14151_B01_GRM_WGS.cram.2020-02-12/Sample_HG02273/analysis/HG02273.final.cram	gs://fc-56ac46ea-efc4-4683-b6d5-6d95bed41c5e/CCDG_14151/Project_CCDG_14151_B01_GRM_WGS.cram.2020-02-12/Sample_HG02273/analysis/HG02273.final.cram.crai	gs://str-truth-set-v2/filter_vcf_v2__2025_12_29/HG02273/HG02273.high_confidence_regions.vcf.gz	gs://str-truth-set-v2/dipcall_pipeline/HPRC_release2/HG02273/HG02273.dip.bed.gz	2652881445
HG01081	PUR	Puerto Rican in Puerto Rico	female	gs://fc-56ac46ea-efc4-4683-b6d5-6d95bed41c5e/CCDG_14151/Project_CCDG_14151_B01_GRM_WGS.cram.2020-02-12/Sample_HG01081/analysis/HG01081.final.cram	gs://fc-56ac46ea-efc4-4683-b6d5-6d95bed41c5e/CCDG_14151/Project_CCDG_14151_B01_GRM_WGS.cram.2020-02-12/Sample_HG01081/analysis/HG01081.final.cram.crai	gs://str-truth-set-v2/filter_vcf_v2__2025_12_29/HG01081/HG01081.high_confidence_regions.vcf.gz	gs://str-truth-set-v2/dipcall_pipeline/HPRC_release2/HG01081/HG01081.dip.bed.gz	2652566225
HG00408	CHS	Southern Han Chinese, China	female	gs://fc-56ac46ea-efc4-4683-b6d5-6d95bed41c5e/CCDG_14151/Project_CCDG_14151_B01_GRM_WGS.cram.2020-02-12/Sample_HG00408/analysis/HG00408.final.cram	gs://fc-56ac46ea-efc4-4683-b6d5-6d95bed41c5e/CCDG_14151/Project_CCDG_14151_B01_GRM_WGS.cram.2020-02-12/Sample_HG00408/analysis/HG00408.final.cram.crai	gs://str-truth-set-v2/filter_vcf_v2__2025_12_29/HG00408/HG00408.high_confidence_regions.vcf.gz	gs://str-truth-set-v2/dipcall_pipeline/HPRC_release2/HG00408/HG00408.dip.bed.gz	2652539958
HG02451	ACB	African Caribbean in Barbados	female	gs://fc-56ac46ea-efc4-4683-b6d5-6d95bed41c5e/CCDG_14151/Project_CCDG_14151_B01_GRM_WGS.cram.2020-02-12/Sample_HG02451/analysis/HG02451.final.cram	gs://fc-56ac46ea-efc4-4683-b6d5-6d95bed41c5e/CCDG_14151/Project_CCDG_14151_B01_GRM_WGS.cram.2020-02-12/Sample_HG02451/analysis/HG02451.final.cram.crai	gs://str-truth-set-v2/filter_vcf_v2__2025_12_29/HG02451/HG02451.high_confidence_regions.vcf.gz	gs://str-truth-set-v2/dipcall_pipeline/HPRC_release2/HG02451/HG02451.dip.bed.gz	2652507434
HG03804	BEB	Bengali in Bangladesh	female	gs://fc-56ac46ea-efc4-4683-b6d5-6d95bed41c5e/CCDG_14151/Project_CCDG_14151_B01_GRM_WGS.cram.2020-02-12/Sample_HG03804/analysis/HG03804.final.cram	gs://fc-56ac46ea-efc4-4683-b6d5-6d95bed41c5e/CCDG_14151/Project_CCDG_14151_B01_GRM_WGS.cram.2020-02-12/Sample_HG03804/analysis/HG03804.final.cram.crai	gs://str-truth-set-v2/filter_vcf_v2__2025_12_29/HG03804/HG03804.high_confidence_regions.vcf.gz	gs://str-truth-set-v2/dipcall_pipeline/HPRC_release2/HG03804/HG03804.dip.bed.gz	2651599028
HG02300	PEL	Peruvian in Lima, Peru	female	gs://fc-56ac46ea-efc4-4683-b6d5-6d95bed41c5e/CCDG_14151/Project_CCDG_14151_B01_GRM_WGS.cram.2020-02-12/Sample_HG02300/analysis/HG02300.final.cram	gs://fc-56ac46ea-efc4-4683-b6d5-6d95bed41c5e/CCDG_14151/Project_CCDG_14151_B01_GRM_WGS.cram.2020-02-12/Sample_HG02300/analysis/HG02300.final.cram.crai	gs://str-truth-set-v2/filter_vcf_v2__2025_12_29/HG02300/HG02300.high_confidence_regions.vcf.gz	gs://str-truth-set-v2/dipcall_pipeline/HPRC_release2/HG02300/HG02300.dip.bed.gz	2651511080
HG00597	CHS	Southern Han Chinese, China	female	gs://fc-56ac46ea-efc4-4683-b6d5-6d95bed41c5e/CCDG_14151/Project_CCDG_14151_B01_GRM_WGS.cram.2020-02-12/Sample_HG00597/analysis/HG00597.final.cram	gs://fc-56ac46ea-efc4-4683-b6d5-6d95bed41c5e/CCDG_14151/Project_CCDG_14151_B01_GRM_WGS.cram.2020-02-12/Sample_HG00597/analysis/HG00597.final.cram.crai	gs://str-truth-set-v2/filter_vcf_v2__2025_12_29/HG00597/HG00597.high_confidence_regions.vcf.gz	gs://str-truth-set-v2/dipcall_pipeline/HPRC_release2/HG00597/HG00597.dip.bed.gz	2651224954
HG03239	PJL	Punjabi in Lahore,Pakistan	female	gs://fc-56ac46ea-efc4-4683-b6d5-6d95bed41c5e/CCDG_14151/Project_CCDG_14151_B01_GRM_WGS.cram.2020-02-12/Sample_HG03239/analysis/HG03239.final.cram	gs://fc-56ac46ea-efc4-4683-b6d5-6d95bed41c5e/CCDG_14151/Project_CCDG_14151_B01_GRM_WGS.cram.2020-02-12/Sample_HG03239/analysis/HG03239.final.cram.crai	gs://str-truth-set-v2/filter_vcf_v2__2025_12_29/HG03239/HG03239.high_confidence_regions.vcf.gz	gs://str-truth-set-v2/dipcall_pipeline/HPRC_release2/HG03239/HG03239.dip.bed.gz	2651189129
HG00544	CHS	Southern Han Chinese, China	female	gs://fc-56ac46ea-efc4-4683-b6d5-6d95bed41c5e/CCDG_14151/Project_CCDG_14151_B01_GRM_WGS.cram.2020-02-12/Sample_HG00544/analysis/HG00544.final.cram	gs://fc-56ac46ea-efc4-4683-b6d5-6d95bed41c5e/CCDG_14151/Project_CCDG_14151_B01_GRM_WGS.cram.2020-02-12/Sample_HG00544/analysis/HG00544.final.cram.crai	gs://str-truth-set-v2/filter_vcf_v2__2025_12_29/HG00544/HG00544.high_confidence_regions.vcf.gz	gs://str-truth-set-v2/dipcall_pipeline/HPRC_release2/HG00544/HG00544.dip.bed.gz	2651050528
HG03927	BEB	Bengali in Bangladesh	female	gs://fc-56ac46ea-efc4-4683-b6d5-6d95bed41c5e/CCDG_14151/Project_CCDG_14151_B01_GRM_WGS.cram.2020-02-12/Sample_HG03927/analysis/HG03927.final.cram	gs://fc-56ac46ea-efc4-4683-b6d5-6d95bed41c5e/CCDG_14151/Project_CCDG_14151_B01_GRM_WGS.cram.2020-02-12/Sample_HG03927/analysis/HG03927.final.cram.crai	gs://str-truth-set-v2/filter_vcf_v2__2025_12_29/HG03927/HG03927.high_confidence_regions.vcf.gz	gs://str-truth-set-v2/dipcall_pipeline/HPRC_release2/HG03927/HG03927.dip.bed.gz	2650899615
HG01960	ACB	African Caribbean in Barbados	female	gs://fc-56ac46ea-efc4-4683-b6d5-6d95bed41c5e/CCDG_14151/Project_CCDG_14151_B01_GRM_WGS.cram.2020-02-12/Sample_HG01960/analysis/HG01960.final.cram	gs://fc-56ac46ea-efc4-4683-b6d5-6d95bed41c5e/CCDG_14151/Project_CCDG_14151_B01_GRM_WGS.cram.2020-02-12/Sample_HG01960/analysis/HG01960.final.cram.crai	gs://str-truth-set-v2/filter_vcf_v2__2025_12_29/HG01960/HG01960.high_confidence_regions.vcf.gz	gs://str-truth-set-v2/dipcall_pipeline/HPRC_release2/HG01960/HG01960.dip.bed.gz	2650859349
HG01346	CLM	Colombian in Medellin, Colombia	female	gs://fc-56ac46ea-efc4-4683-b6d5-6d95bed41c5e/CCDG_14151/Project_CCDG_14151_B01_GRM_WGS.cram.2020-02-12/Sample_HG01346/analysis/HG01346.final.cram	gs://fc-56ac46ea-efc4-4683-b6d5-6d95bed41c5e/CCDG_14151/Project_CCDG_14151_B01_GRM_WGS.cram.2020-02-12/Sample_HG01346/analysis/HG01346.final.cram.crai	gs://str-truth-set-v2/filter_vcf_v2__2025_12_29/HG01346/HG01346.high_confidence_regions.vcf.gz	gs://str-truth-set-v2/dipcall_pipeline/HPRC_release2/HG01346/HG01346.dip.bed.gz	2650767858
HG03816	BEB	Bengali in Bangladesh	female	gs://fc-56ac46ea-efc4-4683-b6d5-6d95bed41c5e/CCDG_14151/Project_CCDG_14151_B01_GRM_WGS.cram.2020-02-12/Sample_HG03816/analysis/HG03816.final.cram	gs://fc-56ac46ea-efc4-4683-b6d5-6d95bed41c5e/CCDG_14151/Project_CCDG_14151_B01_GRM_WGS.cram.2020-02-12/Sample_HG03816/analysis/HG03816.final.cram.crai	gs://str-truth-set-v2/filter_vcf_v2__2025_12_29/HG03816/HG03816.high_confidence_regions.vcf.gz	gs://str-truth-set-v2/dipcall_pipeline/HPRC_release2/HG03816/HG03816.dip.bed.gz	2650699446
HG01150	CLM	Colombian in Medellin, Colombia	female	gs://fc-56ac46ea-efc4-4683-b6d5-6d95bed41c5e/CCDG_14151/Project_CCDG_14151_B01_GRM_WGS.cram.2020-02-12/Sample_HG01150/analysis/HG01150.final.cram	gs://fc-56ac46ea-efc4-4683-b6d5-6d95bed41c5e/CCDG_14151/Project_CCDG_14151_B01_GRM_WGS.cram.2020-02-12/Sample_HG01150/analysis/HG01150.final.cram.crai	gs://str-truth-set-v2/filter_vcf_v2__2025_12_29/HG01150/HG01150.high_confidence_regions.vcf.gz	gs://str-truth-set-v2/dipcall_pipeline/HPRC_release2/HG01150/HG01150.dip.bed.gz	2650118113
HG03669	PJL	Punjabi in Lahore,Pakistan	female	gs://fc-56ac46ea-efc4-4683-b6d5-6d95bed41c5e/CCDG_14151/Project_CCDG_14151_B01_GRM_WGS.cram.2020-02-12/Sample_HG03669/analysis/HG03669.final.cram	gs://fc-56ac46ea-efc4-4683-b6d5-6d95bed41c5e/CCDG_14151/Project_CCDG_14151_B01_GRM_WGS.cram.2020-02-12/Sample_HG03669/analysis/HG03669.final.cram.crai	gs://str-truth-set-v2/filter_vcf_v2__2025_12_29/HG03669/HG03669.high_confidence_regions.vcf.gz	gs://str-truth-set-v2/dipcall_pipeline/HPRC_release2/HG03669/HG03669.dip.bed.gz	2650100763
HG02615	GWD	Gambian in Western Division, The Gambia	female	gs://fc-56ac46ea-efc4-4683-b6d5-6d95bed41c5e/CCDG_14151/Project_CCDG_14151_B01_GRM_WGS.cram.2020-02-12/Sample_HG02615/analysis/HG02615.final.cram	gs://fc-56ac46ea-efc4-4683-b6d5-6d95bed41c5e/CCDG_14151/Project_CCDG_14151_B01_GRM_WGS.cram.2020-02-12/Sample_HG02615/analysis/HG02615.final.cram.crai	gs://str-truth-set-v2/filter_vcf_v2__2025_12_29/HG02615/HG02615.high_confidence_regions.vcf.gz	gs://str-truth-set-v2/dipcall_pipeline/HPRC_release2/HG02615/HG02615.dip.bed.gz	2649864209
HG02523	KHV	Kinh in Ho Chi Minh City, Vietnam	female	gs://fc-56ac46ea-efc4-4683-b6d5-6d95bed41c5e/CCDG_14151/Project_CCDG_14151_B01_GRM_WGS.cram.2020-02-12/Sample_HG02523/analysis/HG02523.final.cram	gs://fc-56ac46ea-efc4-4683-b6d5-6d95bed41c5e/CCDG_14151/Project_CCDG_14151_B01_GRM_WGS.cram.2020-02-12/Sample_HG02523/analysis/HG02523.final.cram.crai	gs://str-truth-set-v2/filter_vcf_v2__2025_12_29/HG02523/HG02523.high_confidence_regions.vcf.gz	gs://str-truth-set-v2/dipcall_pipeline/HPRC_release2/HG02523/HG02523.dip.bed.gz	2649830537
HG03831	BEB	Bengali in Bangladesh	female	gs://fc-56ac46ea-efc4-4683-b6d5-6d95bed41c5e/CCDG_14151/Project_CCDG_14151_B01_GRM_WGS.cram.2020-02-12/Sample_HG03831/analysis/HG03831.final.cram	gs://fc-56ac46ea-efc4-4683-b6d5-6d95bed41c5e/CCDG_14151/Project_CCDG_14151_B01_GRM_WGS.cram.2020-02-12/Sample_HG03831/analysis/HG03831.final.cram.crai	gs://str-truth-set-v2/filter_vcf_v2__2025_12_29/HG03831/HG03831.high_confidence_regions.vcf.gz	gs://str-truth-set-v2/dipcall_pipeline/HPRC_release2/HG03831/HG03831.dip.bed.gz	2649606670
HG00423	CHS	Southern Han Chinese, China	female	gs://fc-56ac46ea-efc4-4683-b6d5-6d95bed41c5e/CCDG_14151/Project_CCDG_14151_B01_GRM_WGS.cram.2020-02-12/Sample_HG00423/analysis/HG00423.final.cram	gs://fc-56ac46ea-efc4-4683-b6d5-6d95bed41c5e/CCDG_14151/Project_CCDG_14151_B01_GRM_WGS.cram.2020-02-12/Sample_HG00423/analysis/HG00423.final.cram.crai	gs://str-truth-set-v2/filter_vcf_v2__2025_12_29/HG00423/HG00423.high_confidence_regions.vcf.gz	gs://str-truth-set-v2/dipcall_pipeline/HPRC_release2/HG00423/HG00423.dip.bed.gz	2649077149
HG02841	GWD	Gambian in Western Division, The Gambia	female	gs://fc-56ac46ea-efc4-4683-b6d5-6d95bed41c5e/CCDG_14151/Project_CCDG_14151_B01_GRM_WGS.cram.2020-02-12/Sample_HG02841/analysis/HG02841.final.cram	gs://fc-56ac46ea-efc4-4683-b6d5-6d95bed41c5e/CCDG_14151/Project_CCDG_14151_B01_GRM_WGS.cram.2020-02-12/Sample_HG02841/analysis/HG02841.final.cram.crai	gs://str-truth-set-v2/filter_vcf_v2__2025_12_29/HG02841/HG02841.high_confidence_regions.vcf.gz	gs://str-truth-set-v2/dipcall_pipeline/HPRC_release2/HG02841/HG02841.dip.bed.gz	2648972081
HG01969	PEL	Peruvian in Lima, Peru	female	gs://fc-56ac46ea-efc4-4683-b6d5-6d95bed41c5e/CCDG_14151/Project_CCDG_14151_B01_GRM_WGS.cram.2020-02-12/Sample_HG01969/analysis/HG01969.final.cram	gs://fc-56ac46ea-efc4-4683-b6d5-6d95bed41c5e/CCDG_14151/Project_CCDG_14151_B01_GRM_WGS.cram.2020-02-12/Sample_HG01969/analysis/HG01969.final.cram.crai	gs://str-truth-set-v2/filter_vcf_v2__2025_12_29/HG01969/HG01969.high_confidence_regions.vcf.gz	gs://str-truth-set-v2/dipcall_pipeline/HPRC_release2/HG01969/HG01969.dip.bed.gz	2648948067
HG00558	CHS	Southern Han Chinese, China	female	gs://fc-56ac46ea-efc4-4683-b6d5-6d95bed41c5e/CCDG_14151/Project_CCDG_14151_B01_GRM_WGS.cram.2020-02-12/Sample_HG00558/analysis/HG00558.final.cram	gs://fc-56ac46ea-efc4-4683-b6d5-6d95bed41c5e/CCDG_14151/Project_CCDG_14151_B01_GRM_WGS.cram.2020-02-12/Sample_HG00558/analysis/HG00558.final.cram.crai	gs://str-truth-set-v2/filter_vcf_v2__2025_12_29/HG00558/HG00558.high_confidence_regions.vcf.gz	gs://str-truth-set-v2/dipcall_pipeline/HPRC_release2/HG00558/HG00558.dip.bed.gz	2648685733
HG01884	ACB	African Caribbean in Barbados	female	gs://fc-56ac46ea-efc4-4683-b6d5-6d95bed41c5e/CCDG_14151/Project_CCDG_14151_B01_GRM_WGS.cram.2020-02-12/Sample_HG01884/analysis/HG01884.final.cram	gs://fc-56ac46ea-efc4-4683-b6d5-6d95bed41c5e/CCDG_14151/Project_CCDG_14151_B01_GRM_WGS.cram.2020-02-12/Sample_HG01884/analysis/HG01884.final.cram.crai	gs://str-truth-set-v2/filter_vcf_v2__2025_12_29/HG01884/HG01884.high_confidence_regions.vcf.gz	gs://str-truth-set-v2/dipcall_pipeline/HPRC_release2/HG01884/HG01884.dip.bed.gz	2648655727
HG01496	CLM	Colombian in Medellin, Colombia	female	gs://fc-56ac46ea-efc4-4683-b6d5-6d95bed41c5e/CCDG_14151/Project_CCDG_14151_B01_GRM_WGS.cram.2020-02-12/Sample_HG01496/analysis/HG01496.final.cram	gs://fc-56ac46ea-efc4-4683-b6d5-6d95bed41c5e/CCDG_14151/Project_CCDG_14151_B01_GRM_WGS.cram.2020-02-12/Sample_HG01496/analysis/HG01496.final.cram.crai	gs://str-truth-set-v2/filter_vcf_v2__2025_12_29/HG01496/HG01496.high_confidence_regions.vcf.gz	gs://str-truth-set-v2/dipcall_pipeline/HPRC_release2/HG01496/HG01496.dip.bed.gz	2648190493
HG01981	PEL	Peruvian in Lima, Peru	female	gs://fc-56ac46ea-efc4-4683-b6d5-6d95bed41c5e/CCDG_14151/Project_CCDG_14151_B01_GRM_WGS.cram.2020-02-12/Sample_HG01981/analysis/HG01981.final.cram	gs://fc-56ac46ea-efc4-4683-b6d5-6d95bed41c5e/CCDG_14151/Project_CCDG_14151_B01_GRM_WGS.cram.2020-02-12/Sample_HG01981/analysis/HG01981.final.cram.crai	gs://str-truth-set-v2/filter_vcf_v2__2025_12_29/HG01981/HG01981.high_confidence_regions.vcf.gz	gs://str-truth-set-v2/dipcall_pipeline/HPRC_release2/HG01981/HG01981.dip.bed.gz	2648083690
HG00639	PUR	Puerto Rican in Puerto Rico	female	gs://fc-56ac46ea-efc4-4683-b6d5-6d95bed41c5e/CCDG_14151/Project_CCDG_14151_B01_GRM_WGS.cram.2020-02-12/Sample_HG00639/analysis/HG00639.final.cram	gs://fc-56ac46ea-efc4-4683-b6d5-6d95bed41c5e/CCDG_14151/Project_CCDG_14151_B01_GRM_WGS.cram.2020-02-12/Sample_HG00639/analysis/HG00639.final.cram.crai	gs://str-truth-set-v2/filter_vcf_v2__2025_12_29/HG00639/HG00639.high_confidence_regions.vcf.gz	gs://str-truth-set-v2/dipcall_pipeline/HPRC_release2/HG00639/HG00639.dip.bed.gz	2647532477
HG03041	GWD	Gambian in Western Division, The Gambia	female	gs://fc-56ac46ea-efc4-4683-b6d5-6d95bed41c5e/CCDG_14151/Project_CCDG_14151_B01_GRM_WGS.cram.2020-02-12/Sample_HG03041/analysis/HG03041.final.cram	gs://fc-56ac46ea-efc4-4683-b6d5-6d95bed41c5e/CCDG_14151/Project_CCDG_14151_B01_GRM_WGS.cram.2020-02-12/Sample_HG03041/analysis/HG03041.final.cram.crai	gs://str-truth-set-v2/filter_vcf_v2__2025_12_29/HG03041/HG03041.high_confidence_regions.vcf.gz	gs://str-truth-set-v2/dipcall_pipeline/HPRC_release2/HG03041/HG03041.dip.bed.gz	2647320630
HG02280	ACB	African Caribbean in Barbados	female	gs://fc-56ac46ea-efc4-4683-b6d5-6d95bed41c5e/CCDG_14151/Project_CCDG_14151_B01_GRM_WGS.cram.2020-02-12/Sample_HG02280/analysis/HG02280.final.cram	gs://fc-56ac46ea-efc4-4683-b6d5-6d95bed41c5e/CCDG_14151/Project_CCDG_14151_B01_GRM_WGS.cram.2020-02-12/Sample_HG02280/analysis/HG02280.final.cram.crai	gs://str-truth-set-v2/filter_vcf_v2__2025_12_29/HG02280/HG02280.high_confidence_regions.vcf.gz	gs://str-truth-set-v2/dipcall_pipeline/HPRC_release2/HG02280/HG02280.dip.bed.gz	2647076475
HG04184	BEB	Bengali in Bangladesh	female	gs://fc-56ac46ea-efc4-4683-b6d5-6d95bed41c5e/CCDG_14151/Project_CCDG_14151_B01_GRM_WGS.cram.2020-02-12/Sample_HG04184/analysis/HG04184.final.cram	gs://fc-56ac46ea-efc4-4683-b6d5-6d95bed41c5e/CCDG_14151/Project_CCDG_14151_B01_GRM_WGS.cram.2020-02-12/Sample_HG04184/analysis/HG04184.final.cram.crai	gs://str-truth-set-v2/filter_vcf_v2__2025_12_29/HG04184/HG04184.high_confidence_regions.vcf.gz	gs://str-truth-set-v2/dipcall_pipeline/HPRC_release2/HG04184/HG04184.dip.bed.gz	2646777832
HG03704	PJL	Punjabi in Lahore,Pakistan	female	gs://fc-56ac46ea-efc4-4683-b6d5-6d95bed41c5e/CCDG_14151/Project_CCDG_14151_B01_GRM_WGS.cram.2020-02-12/Sample_HG03704/analysis/HG03704.final.cram	gs://fc-56ac46ea-efc4-4683-b6d5-6d95bed41c5e/CCDG_14151/Project_CCDG_14151_B01_GRM_WGS.cram.2020-02-12/Sample_HG03704/analysis/HG03704.final.cram.crai	gs://str-truth-set-v2/filter_vcf_v2__2025_12_29/HG03704/HG03704.high_confidence_regions.vcf.gz	gs://str-truth-set-v2/dipcall_pipeline/HPRC_release2/HG03704/HG03704.dip.bed.gz	2646645990
HG03834	BEB	Bengali in Bangladesh	female	gs://fc-56ac46ea-efc4-4683-b6d5-6d95bed41c5e/CCDG_14151/Project_CCDG_14151_B01_GRM_WGS.cram.2020-02-12/Sample_HG03834/analysis/HG03834.final.cram	gs://fc-56ac46ea-efc4-4683-b6d5-6d95bed41c5e/CCDG_14151/Project_CCDG_14151_B01_GRM_WGS.cram.2020-02-12/Sample_HG03834/analysis/HG03834.final.cram.crai	gs://str-truth-set-v2/filter_vcf_v2__2025_12_29/HG03834/HG03834.high_confidence_regions.vcf.gz	gs://str-truth-set-v2/dipcall_pipeline/HPRC_release2/HG03834/HG03834.dip.bed.gz	2646573065
HG02809	GWD	Gambian in Western Division, The Gambia	female	gs://fc-56ac46ea-efc4-4683-b6d5-6d95bed41c5e/CCDG_14151/Project_CCDG_14151_B01_GRM_WGS.cram.2020-02-12/Sample_HG02809/analysis/HG02809.final.cram	gs://fc-56ac46ea-efc4-4683-b6d5-6d95bed41c5e/CCDG_14151/Project_CCDG_14151_B01_GRM_WGS.cram.2020-02-12/Sample_HG02809/analysis/HG02809.final.cram.crai	gs://str-truth-set-v2/filter_vcf_v2__2025_12_29/HG02809/HG02809.high_confidence_regions.vcf.gz	gs://str-truth-set-v2/dipcall_pipeline/HPRC_release2/HG02809/HG02809.dip.bed.gz	2646270807
HG00733	PUR	Puerto Rican in Puerto Rico	female	gs://fc-56ac46ea-efc4-4683-b6d5-6d95bed41c5e/CCDG_14151/Project_CCDG_14151_B01_GRM_WGS.cram.2020-02-12/Sample_HG00733/analysis/HG00733.final.cram	gs://fc-56ac46ea-efc4-4683-b6d5-6d95bed41c5e/CCDG_14151/Project_CCDG_14151_B01_GRM_WGS.cram.2020-02-12/Sample_HG00733/analysis/HG00733.final.cram.crai	gs://str-truth-set-v2/filter_vcf_v2__2025_12_29/HG00733/HG00733.high_confidence_regions.vcf.gz	gs://str-truth-set-v2/dipcall_pipeline/HG00733/HG00733.dip.bed.gz	2646040384
HG02148	PEL	Peruvian in Lima, Peru	female	gs://fc-56ac46ea-efc4-4683-b6d5-6d95bed41c5e/CCDG_14151/Project_CCDG_14151_B01_GRM_WGS.cram.2020-02-12/Sample_HG02148/analysis/HG02148.final.cram	gs://fc-56ac46ea-efc4-4683-b6d5-6d95bed41c5e/CCDG_14151/Project_CCDG_14151_B01_GRM_WGS.cram.2020-02-12/Sample_HG02148/analysis/HG02148.final.cram.crai	gs://str-truth-set-v2/filter_vcf_v2__2025_12_29/HG02148/HG02148.high_confidence_regions.vcf.gz	gs://str-truth-set-v2/dipcall_pipeline/HG02148/HG02148.dip.bed.gz	2645685447
HG01361	CLM	Colombian in Medellin, Colombia	female	gs://fc-56ac46ea-efc4-4683-b6d5-6d95bed41c5e/CCDG_14151/Project_CCDG_14151_B01_GRM_WGS.cram.2020-02-12/Sample_HG01361/analysis/HG01361.final.cram	gs://fc-56ac46ea-efc4-4683-b6d5-6d95bed41c5e/CCDG_14151/Project_CCDG_14151_B01_GRM_WGS.cram.2020-02-12/Sample_HG01361/analysis/HG01361.final.cram.crai	gs://str-truth-set-v2/filter_vcf_v2__2025_12_29/HG01361/HG01361.high_confidence_regions.vcf.gz	gs://str-truth-set-v2/dipcall_pipeline/HG01361/HG01361.dip.bed.gz	2645598560
HG02080	KHV	Kinh in Ho Chi Minh City, Vietnam	female	gs://fc-56ac46ea-efc4-4683-b6d5-6d95bed41c5e/CCDG_14151/Project_CCDG_14151_B01_GRM_WGS.cram.2020-02-12/Sample_HG02080/analysis/HG02080.final.cram	gs://fc-56ac46ea-efc4-4683-b6d5-6d95bed41c5e/CCDG_14151/Project_CCDG_14151_B01_GRM_WGS.cram.2020-02-12/Sample_HG02080/analysis/HG02080.final.cram.crai	gs://str-truth-set-v2/filter_vcf_v2__2025_12_29/HG02080/HG02080.high_confidence_regions.vcf.gz	gs://str-truth-set-v2/dipcall_pipeline/HG02080/HG02080.dip.bed.gz	2645347309
HG02257	ACB	African Caribbean in Barbados	female	gs://fc-56ac46ea-efc4-4683-b6d5-6d95bed41c5e/CCDG_14151/Project_CCDG_14151_B01_GRM_WGS.cram.2020-02-12/Sample_HG02257/analysis/HG02257.final.cram	gs://fc-56ac46ea-efc4-4683-b6d5-6d95bed41c5e/CCDG_14151/Project_CCDG_14151_B01_GRM_WGS.cram.2020-02-12/Sample_HG02257/analysis/HG02257.final.cram.crai	gs://str-truth-set-v2/filter_vcf_v2__2025_12_29/HG02257/HG02257.high_confidence_regions.vcf.gz	gs://str-truth-set-v2/dipcall_pipeline/HG02257/HG02257.dip.bed.gz	2645080780
HG00438	CHS	Southern Han Chinese, China	female	gs://fc-56ac46ea-efc4-4683-b6d5-6d95bed41c5e/CCDG_14151/Project_CCDG_14151_B01_GRM_WGS.cram.2020-02-12/Sample_HG00438/analysis/HG00438.final.cram	gs://fc-56ac46ea-efc4-4683-b6d5-6d95bed41c5e/CCDG_14151/Project_CCDG_14151_B01_GRM_WGS.cram.2020-02-12/Sample_HG00438/analysis/HG00438.final.cram.crai	gs://str-truth-set-v2/filter_vcf_v2__2025_12_29/HG00438/HG00438.high_confidence_regions.vcf.gz	gs://str-truth-set-v2/dipcall_pipeline/HG00438/HG00438.dip.bed.gz	2644622479
HG00735	PUR	Puerto Rican in Puerto Rico	female	gs://fc-56ac46ea-efc4-4683-b6d5-6d95bed41c5e/CCDG_14151/Project_CCDG_14151_B01_GRM_WGS.cram.2020-02-12/Sample_HG00735/analysis/HG00735.final.cram	gs://fc-56ac46ea-efc4-4683-b6d5-6d95bed41c5e/CCDG_14151/Project_CCDG_14151_B01_GRM_WGS.cram.2020-02-12/Sample_HG00735/analysis/HG00735.final.cram.crai	gs://str-truth-set-v2/filter_vcf_v2__2025_12_29/HG00735/HG00735.high_confidence_regions.vcf.gz	gs://str-truth-set-v2/dipcall_pipeline/HG00735/HG00735.dip.bed.gz	2643949228
HG02622	GWD	Gambian in Western Division, The Gambia	female	gs://fc-56ac46ea-efc4-4683-b6d5-6d95bed41c5e/CCDG_14151/Project_CCDG_14151_B01_GRM_WGS.cram.2020-02-12/Sample_HG02622/analysis/HG02622.final.cram	gs://fc-56ac46ea-efc4-4683-b6d5-6d95bed41c5e/CCDG_14151/Project_CCDG_14151_B01_GRM_WGS.cram.2020-02-12/Sample_HG02622/analysis/HG02622.final.cram.crai	gs://str-truth-set-v2/filter_vcf_v2__2025_12_29/HG02622/HG02622.high_confidence_regions.vcf.gz	gs://str-truth-set-v2/dipcall_pipeline/HG02622/HG02622.dip.bed.gz	2642898633
HG01175	PUR	Puerto Rican in Puerto Rico	female	gs://fc-56ac46ea-efc4-4683-b6d5-6d95bed41c5e/CCDG_14151/Project_CCDG_14151_B01_GRM_WGS.cram.2020-02-12/Sample_HG01175/analysis/HG01175.final.cram	gs://fc-56ac46ea-efc4-4683-b6d5-6d95bed41c5e/CCDG_14151/Project_CCDG_14151_B01_GRM_WGS.cram.2020-02-12/Sample_HG01175/analysis/HG01175.final.cram.crai	gs://str-truth-set-v2/filter_vcf_v2__2025_12_29/HG01175/HG01175.high_confidence_regions.vcf.gz	gs://str-truth-set-v2/dipcall_pipeline/HG01175/HG01175.dip.bed.gz	2642748965
HG01891	ACB	African Caribbean in Barbados	female	gs://fc-56ac46ea-efc4-4683-b6d5-6d95bed41c5e/CCDG_14151/Project_CCDG_14151_B01_GRM_WGS.cram.2020-02-12/Sample_HG01891/analysis/HG01891.final.cram	gs://fc-56ac46ea-efc4-4683-b6d5-6d95bed41c5e/CCDG_14151/Project_CCDG_14151_B01_GRM_WGS.cram.2020-02-12/Sample_HG01891/analysis/HG01891.final.cram.crai	gs://str-truth-set-v2/filter_vcf_v2__2025_12_29/HG01891/HG01891.high_confidence_regions.vcf.gz	gs://str-truth-set-v2/dipcall_pipeline/HG01891/HG01891.dip.bed.gz	2642499289
HG02630	GWD	Gambian in Western Division, The Gambia	female	gs://fc-56ac46ea-efc4-4683-b6d5-6d95bed41c5e/CCDG_14151/Project_CCDG_14151_B01_GRM_WGS.cram.2020-02-12/Sample_HG02630/analysis/HG02630.final.cram	gs://fc-56ac46ea-efc4-4683-b6d5-6d95bed41c5e/CCDG_14151/Project_CCDG_14151_B01_GRM_WGS.cram.2020-02-12/Sample_HG02630/analysis/HG02630.final.cram.crai	gs://str-truth-set-v2/filter_vcf_v2__2025_12_29/HG02630/HG02630.high_confidence_regions.vcf.gz	gs://str-truth-set-v2/dipcall_pipeline/HG02630/HG02630.dip.bed.gz	2641689818
HG02723	GWD	Gambian in Western Division, The Gambia	female	gs://fc-56ac46ea-efc4-4683-b6d5-6d95bed41c5e/CCDG_14151/Project_CCDG_14151_B01_GRM_WGS.cram.2020-02-12/Sample_HG02723/analysis/HG02723.final.cram	gs://fc-56ac46ea-efc4-4683-b6d5-6d95bed41c5e/CCDG_14151/Project_CCDG_14151_B01_GRM_WGS.cram.2020-02-12/Sample_HG02723/analysis/HG02723.final.cram.crai	gs://str-truth-set-v2/filter_vcf_v2__2025_12_29/HG02723/HG02723.high_confidence_regions.vcf.gz	gs://str-truth-set-v2/dipcall_pipeline/HG02723/HG02723.dip.bed.gz	2641439851
HG03486	MSL	Mende in Sierra Leone	female	gs://fc-56ac46ea-efc4-4683-b6d5-6d95bed41c5e/CCDG_14151/Project_CCDG_14151_B01_GRM_WGS.cram.2020-02-12/Sample_HG03486/analysis/HG03486.final.cram	gs://fc-56ac46ea-efc4-4683-b6d5-6d95bed41c5e/CCDG_14151/Project_CCDG_14151_B01_GRM_WGS.cram.2020-02-12/Sample_HG03486/analysis/HG03486.final.cram.crai	gs://str-truth-set-v2/filter_vcf_v2__2025_12_29/HG03486/HG03486.high_confidence_regions.vcf.gz	gs://str-truth-set-v2/dipcall_pipeline/HG03486/HG03486.dip.bed.gz	2641162932
HG02074	KHV	Kinh in Ho Chi Minh City, Vietnam	male	gs://fc-56ac46ea-efc4-4683-b6d5-6d95bed41c5e/CCDG_14151/Project_CCDG_14151_B01_GRM_WGS.cram.2020-02-12/Sample_HG02074/analysis/HG02074.final.cram	gs://fc-56ac46ea-efc4-4683-b6d5-6d95bed41c5e/CCDG_14151/Project_CCDG_14151_B01_GRM_WGS.cram.2020-02-12/Sample_HG02074/analysis/HG02074.final.cram.crai	gs://str-truth-set-v2/filter_vcf_v2__2025_12_29/HG02074/HG02074.high_confidence_regions.vcf.gz	gs://str-truth-set-v2/dipcall_pipeline/HPRC_release2/HG02074/HG02074.dip.bed.gz	2655928008
HG02015	KHV	Kinh in Ho Chi Minh City, Vietnam	male	gs://fc-56ac46ea-efc4-4683-b6d5-6d95bed41c5e/CCDG_14151/Project_CCDG_14151_B01_GRM_WGS.cram.2020-02-12/Sample_HG02015/analysis/HG02015.final.cram	gs://fc-56ac46ea-efc4-4683-b6d5-6d95bed41c5e/CCDG_14151/Project_CCDG_14151_B01_GRM_WGS.cram.2020-02-12/Sample_HG02015/analysis/HG02015.final.cram.crai	gs://str-truth-set-v2/filter_vcf_v2__2025_12_29/HG02015/HG02015.high_confidence_regions.vcf.gz	gs://str-truth-set-v2/dipcall_pipeline/HPRC_release2/HG02015/HG02015.dip.bed.gz	2655070509
HG03654	PJL	Punjabi in Lahore,Pakistan	male	gs://fc-56ac46ea-efc4-4683-b6d5-6d95bed41c5e/CCDG_14151/Project_CCDG_14151_B01_GRM_WGS.cram.2020-02-12/Sample_HG03654/analysis/HG03654.final.cram	gs://fc-56ac46ea-efc4-4683-b6d5-6d95bed41c5e/CCDG_14151/Project_CCDG_14151_B01_GRM_WGS.cram.2020-02-12/Sample_HG03654/analysis/HG03654.final.cram.crai	gs://str-truth-set-v2/filter_vcf_v2__2025_12_29/HG03654/HG03654.high_confidence_regions.vcf.gz	gs://str-truth-set-v2/dipcall_pipeline/HPRC_release2/HG03654/HG03654.dip.bed.gz	2654724920
HG00738	PUR	Puerto Rican in Puerto Rico	male	gs://fc-56ac46ea-efc4-4683-b6d5-6d95bed41c5e/CCDG_14151/Project_CCDG_14151_B01_GRM_WGS.cram.2020-02-12/Sample_HG00738/analysis/HG00738.final.cram	gs://fc-56ac46ea-efc4-4683-b6d5-6d95bed41c5e/CCDG_14151/Project_CCDG_14151_B01_GRM_WGS.cram.2020-02-12/Sample_HG00738/analysis/HG00738.final.cram.crai	gs://str-truth-set-v2/filter_vcf_v2__2025_12_29/HG00738/HG00738.high_confidence_regions.vcf.gz	gs://str-truth-set-v2/dipcall_pipeline/HPRC_release2/HG00738/HG00738.dip.bed.gz	2653883663
HG03942	BEB	Bengali in Bangladesh	male	gs://fc-56ac46ea-efc4-4683-b6d5-6d95bed41c5e/CCDG_14151/Project_CCDG_14151_B01_GRM_WGS.cram.2020-02-12/Sample_HG03942/analysis/HG03942.final.cram	gs://fc-56ac46ea-efc4-4683-b6d5-6d95bed41c5e/CCDG_14151/Project_CCDG_14151_B01_GRM_WGS.cram.2020-02-12/Sample_HG03942/analysis/HG03942.final.cram.crai	gs://str-truth-set-v2/filter_vcf_v2__2025_12_29/HG03942/HG03942.high_confidence_regions.vcf.gz	gs://str-truth-set-v2/dipcall_pipeline/HPRC_release2/HG03942/HG03942.dip.bed.gz	2653392140
HG02135	KHV	Kinh in Ho Chi Minh City, Vietnam	male	gs://fc-56ac46ea-efc4-4683-b6d5-6d95bed41c5e/CCDG_14151/Project_CCDG_14151_B01_GRM_WGS.cram.2020-02-12/Sample_HG02135/analysis/HG02135.final.cram	gs://fc-56ac46ea-efc4-4683-b6d5-6d95bed41c5e/CCDG_14151/Project_CCDG_14151_B01_GRM_WGS.cram.2020-02-12/Sample_HG02135/analysis/HG02135.final.cram.crai	gs://str-truth-set-v2/filter_vcf_v2__2025_12_29/HG02135/HG02135.high_confidence_regions.vcf.gz	gs://str-truth-set-v2/dipcall_pipeline/HPRC_release2/HG02135/HG02135.dip.bed.gz	2653265212
HG00658	CHS	Southern Han Chinese, China	male	gs://fc-56ac46ea-efc4-4683-b6d5-6d95bed41c5e/CCDG_14151/Project_CCDG_14151_B01_GRM_WGS.cram.2020-02-12/Sample_HG00658/analysis/HG00658.final.cram	gs://fc-56ac46ea-efc4-4683-b6d5-6d95bed41c5e/CCDG_14151/Project_CCDG_14151_B01_GRM_WGS.cram.2020-02-12/Sample_HG00658/analysis/HG00658.final.cram.crai	gs://str-truth-set-v2/filter_vcf_v2__2025_12_29/HG00658/HG00658.high_confidence_regions.vcf.gz	gs://str-truth-set-v2/dipcall_pipeline/HPRC_release2/HG00658/HG00658.dip.bed.gz	2653173280
HG01192	PUR	Puerto Rican in Puerto Rico	male	gs://fc-56ac46ea-efc4-4683-b6d5-6d95bed41c5e/CCDG_14151/Project_CCDG_14151_B01_GRM_WGS.cram.2020-02-12/Sample_HG01192/analysis/HG01192.final.cram	gs://fc-56ac46ea-efc4-4683-b6d5-6d95bed41c5e/CCDG_14151/Project_CCDG_14151_B01_GRM_WGS.cram.2020-02-12/Sample_HG01192/analysis/HG01192.final.cram.crai	gs://str-truth-set-v2/filter_vcf_v2__2025_12_29/HG01192/HG01192.high_confidence_regions.vcf.gz	gs://str-truth-set-v2/dipcall_pipeline/HPRC_release2/HG01192/HG01192.dip.bed.gz	2653069464
HG02129	KHV	Kinh in Ho Chi Minh City, Vietnam	male	gs://fc-56ac46ea-efc4-4683-b6d5-6d95bed41c5e/CCDG_14151/Project_CCDG_14151_B01_GRM_WGS.cram.2020-02-12/Sample_HG02129/analysis/HG02129.final.cram	gs://fc-56ac46ea-efc4-4683-b6d5-6d95bed41c5e/CCDG_14151/Project_CCDG_14151_B01_GRM_WGS.cram.2020-02-12/Sample_HG02129/analysis/HG02129.final.cram.crai	gs://str-truth-set-v2/filter_vcf_v2__2025_12_29/HG02129/HG02129.high_confidence_regions.vcf.gz	gs://str-truth-set-v2/dipcall_pipeline/HPRC_release2/HG02129/HG02129.dip.bed.gz	2652827335
HG02071	KHV	Kinh in Ho Chi Minh City, Vietnam	male	gs://fc-56ac46ea-efc4-4683-b6d5-6d95bed41c5e/CCDG_14151/Project_CCDG_14151_B01_GRM_WGS.cram.2020-02-12/Sample_HG02071/analysis/HG02071.final.cram	gs://fc-56ac46ea-efc4-4683-b6d5-6d95bed41c5e/CCDG_14151/Project_CCDG_14151_B01_GRM_WGS.cram.2020-02-12/Sample_HG02071/analysis/HG02071.final.cram.crai	gs://str-truth-set-v2/filter_vcf_v2__2025_12_29/HG02071/HG02071.high_confidence_regions.vcf.gz	gs://str-truth-set-v2/dipcall_pipeline/HPRC_release2/HG02071/HG02071.dip.bed.gz	2652460767
HG01433	CLM	Colombian in Medellin, Colombia	male	gs://fc-56ac46ea-efc4-4683-b6d5-6d95bed41c5e/CCDG_14151/Project_CCDG_14151_B01_GRM_WGS.cram.2020-02-12/Sample_HG01433/analysis/HG01433.final.cram	gs://fc-56ac46ea-efc4-4683-b6d5-6d95bed41c5e/CCDG_14151/Project_CCDG_14151_B01_GRM_WGS.cram.2020-02-12/Sample_HG01433/analysis/HG01433.final.cram.crai	gs://str-truth-set-v2/filter_vcf_v2__2025_12_29/HG01433/HG01433.high_confidence_regions.vcf.gz	gs://str-truth-set-v2/dipcall_pipeline/HPRC_release2/HG01433/HG01433.dip.bed.gz	2652415718
HG03710	PJL	Punjabi in Lahore,Pakistan	male	gs://fc-56ac46ea-efc4-4683-b6d5-6d95bed41c5e/CCDG_14151/Project_CCDG_14151_B01_GRM_WGS.cram.2020-02-12/Sample_HG03710/analysis/HG03710.final.cram	gs://fc-56ac46ea-efc4-4683-b6d5-6d95bed41c5e/CCDG_14151/Project_CCDG_14151_B01_GRM_WGS.cram.2020-02-12/Sample_HG03710/analysis/HG03710.final.cram.crai	gs://str-truth-set-v2/filter_vcf_v2__2025_12_29/HG03710/HG03710.high_confidence_regions.vcf.gz	gs://str-truth-set-v2/dipcall_pipeline/HPRC_release2/HG03710/HG03710.dip.bed.gz	2651915150
HG03017	PJL	Punjabi in Lahore,Pakistan	male	gs://fc-56ac46ea-efc4-4683-b6d5-6d95bed41c5e/CCDG_14151/Project_CCDG_14151_B01_GRM_WGS.cram.2020-02-12/Sample_HG03017/analysis/HG03017.final.cram	gs://fc-56ac46ea-efc4-4683-b6d5-6d95bed41c5e/CCDG_14151/Project_CCDG_14151_B01_GRM_WGS.cram.2020-02-12/Sample_HG03017/analysis/HG03017.final.cram.crai	gs://str-truth-set-v2/filter_vcf_v2__2025_12_29/HG03017/HG03017.high_confidence_regions.vcf.gz	gs://str-truth-set-v2/dipcall_pipeline/HPRC_release2/HG03017/HG03017.dip.bed.gz	2651834131
HG02083	KHV	Kinh in Ho Chi Minh City, Vietnam	male	gs://fc-56ac46ea-efc4-4683-b6d5-6d95bed41c5e/CCDG_14151/Project_CCDG_14151_B01_GRM_WGS.cram.2020-02-12/Sample_HG02083/analysis/HG02083.final.cram	gs://fc-56ac46ea-efc4-4683-b6d5-6d95bed41c5e/CCDG_14151/Project_CCDG_14151_B01_GRM_WGS.cram.2020-02-12/Sample_HG02083/analysis/HG02083.final.cram.crai	gs://str-truth-set-v2/filter_vcf_v2__2025_12_29/HG02083/HG02083.high_confidence_regions.vcf.gz	gs://str-truth-set-v2/dipcall_pipeline/HPRC_release2/HG02083/HG02083.dip.bed.gz	2651746710
HG02056	KHV	Kinh in Ho Chi Minh City, Vietnam	male	gs://fc-56ac46ea-efc4-4683-b6d5-6d95bed41c5e/CCDG_14151/Project_CCDG_14151_B01_GRM_WGS.cram.2020-02-12/Sample_HG02056/analysis/HG02056.final.cram	gs://fc-56ac46ea-efc4-4683-b6d5-6d95bed41c5e/CCDG_14151/Project_CCDG_14151_B01_GRM_WGS.cram.2020-02-12/Sample_HG02056/analysis/HG02056.final.cram.crai	gs://str-truth-set-v2/filter_vcf_v2__2025_12_29/HG02056/HG02056.high_confidence_regions.vcf.gz	gs://str-truth-set-v2/dipcall_pipeline/HPRC_release2/HG02056/HG02056.dip.bed.gz	2651473103
HG02132	KHV	Kinh in Ho Chi Minh City, Vietnam	male	gs://fc-56ac46ea-efc4-4683-b6d5-6d95bed41c5e/CCDG_14151/Project_CCDG_14151_B01_GRM_WGS.cram.2020-02-12/Sample_HG02132/analysis/HG02132.final.cram	gs://fc-56ac46ea-efc4-4683-b6d5-6d95bed41c5e/CCDG_14151/Project_CCDG_14151_B01_GRM_WGS.cram.2020-02-12/Sample_HG02132/analysis/HG02132.final.cram.crai	gs://str-truth-set-v2/filter_vcf_v2__2025_12_29/HG02132/HG02132.high_confidence_regions.vcf.gz	gs://str-truth-set-v2/dipcall_pipeline/HPRC_release2/HG02132/HG02132.dip.bed.gz	2651439944
HG04157	BEB	Bengali in Bangladesh	male	gs://fc-56ac46ea-efc4-4683-b6d5-6d95bed41c5e/CCDG_14151/Project_CCDG_14151_B01_GRM_WGS.cram.2020-02-12/Sample_HG04157/analysis/HG04157.final.cram	gs://fc-56ac46ea-efc4-4683-b6d5-6d95bed41c5e/CCDG_14151/Project_CCDG_14151_B01_GRM_WGS.cram.2020-02-12/Sample_HG04157/analysis/HG04157.final.cram.crai	gs://str-truth-set-v2/filter_vcf_v2__2025_12_29/HG04157/HG04157.high_confidence_regions.vcf.gz	gs://str-truth-set-v2/dipcall_pipeline/HPRC_release2/HG04157/HG04157.dip.bed.gz	2651202500
HG04228	STU	Sri Lankan Tamil in the UK	male	gs://fc-56ac46ea-efc4-4683-b6d5-6d95bed41c5e/CCDG_14151/Project_CCDG_14151_B01_GRM_WGS.cram.2020-02-12/Sample_HG04228/analysis/HG04228.final.cram	gs://fc-56ac46ea-efc4-4683-b6d5-6d95bed41c5e/CCDG_14151/Project_CCDG_14151_B01_GRM_WGS.cram.2020-02-12/Sample_HG04228/analysis/HG04228.final.cram.crai	gs://str-truth-set-v2/filter_vcf_v2__2025_12_29/HG04228/HG04228.high_confidence_regions.vcf.gz	gs://str-truth-set-v2/dipcall_pipeline/HPRC_release2/HG04228/HG04228.dip.bed.gz	2651137110
HG01252	CLM	Colombian in Medellin, Colombia	male	gs://fc-56ac46ea-efc4-4683-b6d5-6d95bed41c5e/CCDG_14151/Project_CCDG_14151_B01_GRM_WGS.cram.2020-02-12/Sample_HG01252/analysis/HG01252.final.cram	gs://fc-56ac46ea-efc4-4683-b6d5-6d95bed41c5e/CCDG_14151/Project_CCDG_14151_B01_GRM_WGS.cram.2020-02-12/Sample_HG01252/analysis/HG01252.final.cram.crai	gs://str-truth-set-v2/filter_vcf_v2__2025_12_29/HG01252/HG01252.high_confidence_regions.vcf.gz	gs://str-truth-set-v2/dipcall_pipeline/HPRC_release2/HG01252/HG01252.dip.bed.gz	2651054407
HG00706	CHS	Southern Han Chinese, China	male	gs://fc-56ac46ea-efc4-4683-b6d5-6d95bed41c5e/CCDG_14151/Project_CCDG_14151_B01_GRM_WGS.cram.2020-02-12/Sample_HG00706/analysis/HG00706.final.cram	gs://fc-56ac46ea-efc4-4683-b6d5-6d95bed41c5e/CCDG_14151/Project_CCDG_14151_B01_GRM_WGS.cram.2020-02-12/Sample_HG00706/analysis/HG00706.final.cram.crai	gs://str-truth-set-v2/filter_vcf_v2__2025_12_29/HG00706/HG00706.high_confidence_regions.vcf.gz	gs://str-truth-set-v2/dipcall_pipeline/HPRC_release2/HG00706/HG00706.dip.bed.gz	2651025105
HG04160	BEB	Bengali in Bangladesh	male	gs://fc-56ac46ea-efc4-4683-b6d5-6d95bed41c5e/CCDG_14151/Project_CCDG_14151_B01_GRM_WGS.cram.2020-02-12/Sample_HG04160/analysis/HG04160.final.cram	gs://fc-56ac46ea-efc4-4683-b6d5-6d95bed41c5e/CCDG_14151/Project_CCDG_14151_B01_GRM_WGS.cram.2020-02-12/Sample_HG04160/analysis/HG04160.final.cram.crai	gs://str-truth-set-v2/filter_vcf_v2__2025_12_29/HG04160/HG04160.high_confidence_regions.vcf.gz	gs://str-truth-set-v2/dipcall_pipeline/HPRC_release2/HG04160/HG04160.dip.bed.gz	2650544400
HG02514	KHV	Kinh in Ho Chi Minh City, Vietnam	male	gs://fc-56ac46ea-efc4-4683-b6d5-6d95bed41c5e/CCDG_14151/Project_CCDG_14151_B01_GRM_WGS.cram.2020-02-12/Sample_HG02514/analysis/HG02514.final.cram	gs://fc-56ac46ea-efc4-4683-b6d5-6d95bed41c5e/CCDG_14151/Project_CCDG_14151_B01_GRM_WGS.cram.2020-02-12/Sample_HG02514/analysis/HG02514.final.cram.crai	gs://str-truth-set-v2/filter_vcf_v2__2025_12_29/HG02514/HG02514.high_confidence_regions.vcf.gz	gs://str-truth-set-v2/dipcall_pipeline/HPRC_release2/HG02514/HG02514.dip.bed.gz	2650539555
HG01261	CLM	Colombian in Medellin, Colombia	male	gs://fc-56ac46ea-efc4-4683-b6d5-6d95bed41c5e/CCDG_14151/Project_CCDG_14151_B01_GRM_WGS.cram.2020-02-12/Sample_HG01261/analysis/HG01261.final.cram	gs://fc-56ac46ea-efc4-4683-b6d5-6d95bed41c5e/CCDG_14151/Project_CCDG_14151_B01_GRM_WGS.cram.2020-02-12/Sample_HG01261/analysis/HG01261.final.cram.crai	gs://str-truth-set-v2/filter_vcf_v2__2025_12_29/HG01261/HG01261.high_confidence_regions.vcf.gz	gs://str-truth-set-v2/dipcall_pipeline/HPRC_release2/HG01261/HG01261.dip.bed.gz	2650323074
HG03688	STU	Sri Lankan Tamil in the UK	male	gs://fc-56ac46ea-efc4-4683-b6d5-6d95bed41c5e/CCDG_14151/Project_CCDG_14151_B01_GRM_WGS.cram.2020-02-12/Sample_HG03688/analysis/HG03688.final.cram	gs://fc-56ac46ea-efc4-4683-b6d5-6d95bed41c5e/CCDG_14151/Project_CCDG_14151_B01_GRM_WGS.cram.2020-02-12/Sample_HG03688/analysis/HG03688.final.cram.crai	gs://str-truth-set-v2/filter_vcf_v2__2025_12_29/HG03688/HG03688.high_confidence_regions.vcf.gz	gs://str-truth-set-v2/dipcall_pipeline/HPRC_release2/HG03688/HG03688.dip.bed.gz	2650271697
HG02698	PJL	Punjabi in Lahore,Pakistan	male	gs://fc-56ac46ea-efc4-4683-b6d5-6d95bed41c5e/CCDG_14151/Project_CCDG_14151_B01_GRM_WGS.cram.2020-02-12/Sample_HG02698/analysis/HG02698.final.cram	gs://fc-56ac46ea-efc4-4683-b6d5-6d95bed41c5e/CCDG_14151/Project_CCDG_14151_B01_GRM_WGS.cram.2020-02-12/Sample_HG02698/analysis/HG02698.final.cram.crai	gs://str-truth-set-v2/filter_vcf_v2__2025_12_29/HG02698/HG02698.high_confidence_regions.vcf.gz	gs://str-truth-set-v2/dipcall_pipeline/HPRC_release2/HG02698/HG02698.dip.bed.gz	2650154029
HG04187	BEB	Bengali in Bangladesh	male	gs://fc-56ac46ea-efc4-4683-b6d5-6d95bed41c5e/CCDG_14151/Project_CCDG_14151_B01_GRM_WGS.cram.2020-02-12/Sample_HG04187/analysis/HG04187.final.cram	gs://fc-56ac46ea-efc4-4683-b6d5-6d95bed41c5e/CCDG_14151/Project_CCDG_14151_B01_GRM_WGS.cram.2020-02-12/Sample_HG04187/analysis/HG04187.final.cram.crai	gs://str-truth-set-v2/filter_vcf_v2__2025_12_29/HG04187/HG04187.high_confidence_regions.vcf.gz	gs://str-truth-set-v2/dipcall_pipeline/HPRC_release2/HG04187/HG04187.dip.bed.gz	2649899275
HG02735	PJL	Punjabi in Lahore,Pakistan	male	gs://fc-56ac46ea-efc4-4683-b6d5-6d95bed41c5e/CCDG_14151/Project_CCDG_14151_B01_GRM_WGS.cram.2020-02-12/Sample_HG02735/analysis/HG02735.final.cram	gs://fc-56ac46ea-efc4-4683-b6d5-6d95bed41c5e/CCDG_14151/Project_CCDG_14151_B01_GRM_WGS.cram.2020-02-12/Sample_HG02735/analysis/HG02735.final.cram.crai	gs://str-truth-set-v2/filter_vcf_v2__2025_12_29/HG02735/HG02735.high_confidence_regions.vcf.gz	gs://str-truth-set-v2/dipcall_pipeline/HPRC_release2/HG02735/HG02735.dip.bed.gz	2649802287
HG02647	GWD	Gambian in Western Division, The Gambia	male	gs://fc-56ac46ea-efc4-4683-b6d5-6d95bed41c5e/CCDG_14151/Project_CCDG_14151_B01_GRM_WGS.cram.2020-02-12/Sample_HG02647/analysis/HG02647.final.cram	gs://fc-56ac46ea-efc4-4683-b6d5-6d95bed41c5e/CCDG_14151/Project_CCDG_14151_B01_GRM_WGS.cram.2020-02-12/Sample_HG02647/analysis/HG02647.final.cram.crai	gs://str-truth-set-v2/filter_vcf_v2__2025_12_29/HG02647/HG02647.high_confidence_regions.vcf.gz	gs://str-truth-set-v2/dipcall_pipeline/HPRC_release2/HG02647/HG02647.dip.bed.gz	2649792789
HG04204	STU	Sri Lankan Tamil in the UK	male	gs://fc-56ac46ea-efc4-4683-b6d5-6d95bed41c5e/CCDG_14151/Project_CCDG_14151_B01_GRM_WGS.cram.2020-02-12/Sample_HG04204/analysis/HG04204.final.cram	gs://fc-56ac46ea-efc4-4683-b6d5-6d95bed41c5e/CCDG_14151/Project_CCDG_14151_B01_GRM_WGS.cram.2020-02-12/Sample_HG04204/analysis/HG04204.final.cram.crai	gs://str-truth-set-v2/filter_vcf_v2__2025_12_29/HG04204/HG04204.high_confidence_regions.vcf.gz	gs://str-truth-set-v2/dipcall_pipeline/HPRC_release2/HG04204/HG04204.dip.bed.gz	2649773581
HG01934	PEL	Peruvian in Lima, Peru	male	gs://fc-56ac46ea-efc4-4683-b6d5-6d95bed41c5e/CCDG_14151/Project_CCDG_14151_B01_GRM_WGS.cram.2020-02-12/Sample_HG01934/analysis/HG01934.final.cram	gs://fc-56ac46ea-efc4-4683-b6d5-6d95bed41c5e/CCDG_14151/Project_CCDG_14151_B01_GRM_WGS.cram.2020-02-12/Sample_HG01934/analysis/HG01934.final.cram.crai	gs://str-truth-set-v2/filter_vcf_v2__2025_12_29/HG01934/HG01934.high_confidence_regions.vcf.gz	gs://str-truth-set-v2/dipcall_pipeline/HPRC_release2/HG01934/HG01934.dip.bed.gz	2649689459
HG00609	CHS	Southern Han Chinese, China	male	gs://fc-56ac46ea-efc4-4683-b6d5-6d95bed41c5e/CCDG_14151/Project_CCDG_14151_B01_GRM_WGS.cram.2020-02-12/Sample_HG00609/analysis/HG00609.final.cram	gs://fc-56ac46ea-efc4-4683-b6d5-6d95bed41c5e/CCDG_14151/Project_CCDG_14151_B01_GRM_WGS.cram.2020-02-12/Sample_HG00609/analysis/HG00609.final.cram.crai	gs://str-truth-set-v2/filter_vcf_v2__2025_12_29/HG00609/HG00609.high_confidence_regions.vcf.gz	gs://str-truth-set-v2/dipcall_pipeline/HPRC_release2/HG00609/HG00609.dip.bed.gz	2649681636
HG01074	PUR	Puerto Rican in Puerto Rico	male	gs://fc-56ac46ea-efc4-4683-b6d5-6d95bed41c5e/CCDG_14151/Project_CCDG_14151_B01_GRM_WGS.cram.2020-02-12/Sample_HG01074/analysis/HG01074.final.cram	gs://fc-56ac46ea-efc4-4683-b6d5-6d95bed41c5e/CCDG_14151/Project_CCDG_14151_B01_GRM_WGS.cram.2020-02-12/Sample_HG01074/analysis/HG01074.final.cram.crai	gs://str-truth-set-v2/filter_vcf_v2__2025_12_29/HG01074/HG01074.high_confidence_regions.vcf.gz	gs://str-truth-set-v2/dipcall_pipeline/HPRC_release2/HG01074/HG01074.dip.bed.gz	2649561969
HG04115	STU	Sri Lankan Tamil in the UK	male	gs://fc-56ac46ea-efc4-4683-b6d5-6d95bed41c5e/CCDG_14151/Project_CCDG_14151_B01_GRM_WGS.cram.2020-02-12/Sample_HG04115/analysis/HG04115.final.cram	gs://fc-56ac46ea-efc4-4683-b6d5-6d95bed41c5e/CCDG_14151/Project_CCDG_14151_B01_GRM_WGS.cram.2020-02-12/Sample_HG04115/analysis/HG04115.final.cram.crai	gs://str-truth-set-v2/filter_vcf_v2__2025_12_29/HG04115/HG04115.high_confidence_regions.vcf.gz	gs://str-truth-set-v2/dipcall_pipeline/HPRC_release2/HG04115/HG04115.dip.bed.gz	2649469340
HG02668	GWD	Gambian in Western Division, The Gambia	male	gs://fc-56ac46ea-efc4-4683-b6d5-6d95bed41c5e/CCDG_14151/Project_CCDG_14151_B01_GRM_WGS.cram.2020-02-12/Sample_HG02668/analysis/HG02668.final.cram	gs://fc-56ac46ea-efc4-4683-b6d5-6d95bed41c5e/CCDG_14151/Project_CCDG_14151_B01_GRM_WGS.cram.2020-02-12/Sample_HG02668/analysis/HG02668.final.cram.crai	gs://str-truth-set-v2/filter_vcf_v2__2025_12_29/HG02668/HG02668.high_confidence_regions.vcf.gz	gs://str-truth-set-v2/dipcall_pipeline/HPRC_release2/HG02668/HG02668.dip.bed.gz	2649409566
HG01943	PEL	Peruvian in Lima, Peru	male	gs://fc-56ac46ea-efc4-4683-b6d5-6d95bed41c5e/CCDG_14151/Project_CCDG_14151_B01_GRM_WGS.cram.2020-02-12/Sample_HG01943/analysis/HG01943.final.cram	gs://fc-56ac46ea-efc4-4683-b6d5-6d95bed41c5e/CCDG_14151/Project_CCDG_14151_B01_GRM_WGS.cram.2020-02-12/Sample_HG01943/analysis/HG01943.final.cram.crai	gs://str-truth-set-v2/filter_vcf_v2__2025_12_29/HG01943/HG01943.high_confidence_regions.vcf.gz	gs://str-truth-set-v2/dipcall_pipeline/HPRC_release2/HG01943/HG01943.dip.bed.gz	2649325006
HG00642	PUR	Puerto Rican in Puerto Rico	male	gs://fc-56ac46ea-efc4-4683-b6d5-6d95bed41c5e/CCDG_14151/Project_CCDG_14151_B01_GRM_WGS.cram.2020-02-12/Sample_HG00642/analysis/HG00642.final.cram	gs://fc-56ac46ea-efc4-4683-b6d5-6d95bed41c5e/CCDG_14151/Project_CCDG_14151_B01_GRM_WGS.cram.2020-02-12/Sample_HG00642/analysis/HG00642.final.cram.crai	gs://str-truth-set-v2/filter_vcf_v2__2025_12_29/HG00642/HG00642.high_confidence_regions.vcf.gz	gs://str-truth-set-v2/dipcall_pipeline/HPRC_release2/HG00642/HG00642.dip.bed.gz	2649253566
HG03050	GWD	Gambian in Western Division, The Gambia	male	gs://fc-56ac46ea-efc4-4683-b6d5-6d95bed41c5e/CCDG_14151/Project_CCDG_14151_B01_GRM_WGS.cram.2020-02-12/Sample_HG03050/analysis/HG03050.final.cram	gs://fc-56ac46ea-efc4-4683-b6d5-6d95bed41c5e/CCDG_14151/Project_CCDG_14151_B01_GRM_WGS.cram.2020-02-12/Sample_HG03050/analysis/HG03050.final.cram.crai	gs://str-truth-set-v2/filter_vcf_v2__2025_12_29/HG03050/HG03050.high_confidence_regions.vcf.gz	gs://str-truth-set-v2/dipcall_pipeline/HPRC_release2/HG03050/HG03050.dip.bed.gz	2649203814
HG00621	CHS	Southern Han Chinese, China	male	gs://fc-56ac46ea-efc4-4683-b6d5-6d95bed41c5e/CCDG_14151/Project_CCDG_14151_B01_GRM_WGS.cram.2020-02-12/Sample_HG00621/analysis/HG00621.final.cram	gs://fc-56ac46ea-efc4-4683-b6d5-6d95bed41c5e/CCDG_14151/Project_CCDG_14151_B01_GRM_WGS.cram.2020-02-12/Sample_HG00621/analysis/HG00621.final.cram.crai	gs://str-truth-set-v2/filter_vcf_v2__2025_12_29/HG00621/HG00621.high_confidence_regions.vcf.gz	gs://str-truth-set-v2/dipcall_pipeline/HG00621/HG00621.dip.bed.gz	2649180834
HG04199	STU	Sri Lankan Tamil in the UK	male	gs://fc-56ac46ea-efc4-4683-b6d5-6d95bed41c5e/CCDG_14151/Project_CCDG_14151_B01_GRM_WGS.cram.2020-02-12/Sample_HG04199/analysis/HG04199.final.cram	gs://fc-56ac46ea-efc4-4683-b6d5-6d95bed41c5e/CCDG_14151/Project_CCDG_14151_B01_GRM_WGS.cram.2020-02-12/Sample_HG04199/analysis/HG04199.final.cram.crai	gs://str-truth-set-v2/filter_vcf_v2__2025_12_29/HG04199/HG04199.high_confidence_regions.vcf.gz	gs://str-truth-set-v2/dipcall_pipeline/HPRC_release2/HG04199/HG04199.dip.bed.gz	2648328428
HG01928	PEL	Peruvian in Lima, Peru	male	gs://fc-56ac46ea-efc4-4683-b6d5-6d95bed41c5e/CCDG_14151/Project_CCDG_14151_B01_GRM_WGS.cram.2020-02-12/Sample_HG01928/analysis/HG01928.final.cram	gs://fc-56ac46ea-efc4-4683-b6d5-6d95bed41c5e/CCDG_14151/Project_CCDG_14151_B01_GRM_WGS.cram.2020-02-12/Sample_HG01928/analysis/HG01928.final.cram.crai	gs://str-truth-set-v2/filter_vcf_v2__2025_12_29/HG01928/HG01928.high_confidence_regions.vcf.gz	gs://str-truth-set-v2/dipcall_pipeline/HG01928/HG01928.dip.bed.gz	2648117900
HG02602	PJL	Punjabi in Lahore,Pakistan	male	gs://fc-56ac46ea-efc4-4683-b6d5-6d95bed41c5e/CCDG_14151/Project_CCDG_14151_B01_GRM_WGS.cram.2020-02-12/Sample_HG02602/analysis/HG02602.final.cram	gs://fc-56ac46ea-efc4-4683-b6d5-6d95bed41c5e/CCDG_14151/Project_CCDG_14151_B01_GRM_WGS.cram.2020-02-12/Sample_HG02602/analysis/HG02602.final.cram.crai	gs://str-truth-set-v2/filter_vcf_v2__2025_12_29/HG02602/HG02602.high_confidence_regions.vcf.gz	gs://str-truth-set-v2/dipcall_pipeline/HPRC_release2/HG02602/HG02602.dip.bed.gz	2648056486
HG01099	PUR	Puerto Rican in Puerto Rico	male	gs://fc-56ac46ea-efc4-4683-b6d5-6d95bed41c5e/CCDG_14151/Project_CCDG_14151_B01_GRM_WGS.cram.2020-02-12/Sample_HG01099/analysis/HG01099.final.cram	gs://fc-56ac46ea-efc4-4683-b6d5-6d95bed41c5e/CCDG_14151/Project_CCDG_14151_B01_GRM_WGS.cram.2020-02-12/Sample_HG01099/analysis/HG01099.final.cram.crai	gs://str-truth-set-v2/filter_vcf_v2__2025_12_29/HG01099/HG01099.high_confidence_regions.vcf.gz	gs://str-truth-set-v2/dipcall_pipeline/HPRC_release2/HG01099/HG01099.dip.bed.gz	2647786343
HG02027	KHV	Kinh in Ho Chi Minh City, Vietnam	male	gs://fc-56ac46ea-efc4-4683-b6d5-6d95bed41c5e/CCDG_14151/Project_CCDG_14151_B01_GRM_WGS.cram.2020-02-12/Sample_HG02027/analysis/HG02027.final.cram	gs://fc-56ac46ea-efc4-4683-b6d5-6d95bed41c5e/CCDG_14151/Project_CCDG_14151_B01_GRM_WGS.cram.2020-02-12/Sample_HG02027/analysis/HG02027.final.cram.crai	gs://str-truth-set-v2/filter_vcf_v2__2025_12_29/HG02027/HG02027.high_confidence_regions.vcf.gz	gs://str-truth-set-v2/dipcall_pipeline/HPRC_release2/HG02027/HG02027.dip.bed.gz	2647453324
HG02965	ESN	Esan in Nigeria	male	gs://fc-56ac46ea-efc4-4683-b6d5-6d95bed41c5e/CCDG_14151/Project_CCDG_14151_B01_GRM_WGS.cram.2020-02-12/Sample_HG02965/analysis/HG02965.final.cram	gs://fc-56ac46ea-efc4-4683-b6d5-6d95bed41c5e/CCDG_14151/Project_CCDG_14151_B01_GRM_WGS.cram.2020-02-12/Sample_HG02965/analysis/HG02965.final.cram.crai	gs://str-truth-set-v2/filter_vcf_v2__2025_12_29/HG02965/HG02965.high_confidence_regions.vcf.gz	gs://str-truth-set-v2/dipcall_pipeline/HPRC_release2/HG02965/HG02965.dip.bed.gz	2647416973
HG01106	PUR	Puerto Rican in Puerto Rico	male	gs://fc-56ac46ea-efc4-4683-b6d5-6d95bed41c5e/CCDG_14151/Project_CCDG_14151_B01_GRM_WGS.cram.2020-02-12/Sample_HG01106/analysis/HG01106.final.cram	gs://fc-56ac46ea-efc4-4683-b6d5-6d95bed41c5e/CCDG_14151/Project_CCDG_14151_B01_GRM_WGS.cram.2020-02-12/Sample_HG01106/analysis/HG01106.final.cram.crai	gs://str-truth-set-v2/filter_vcf_v2__2025_12_29/HG01106/HG01106.high_confidence_regions.vcf.gz	gs://str-truth-set-v2/dipcall_pipeline/HG01106/HG01106.dip.bed.gz	2646780813
HG00673	CHS	Southern Han Chinese, China	male	gs://fc-56ac46ea-efc4-4683-b6d5-6d95bed41c5e/CCDG_14151/Project_CCDG_14151_B01_GRM_WGS.cram.2020-02-12/Sample_HG00673/analysis/HG00673.final.cram	gs://fc-56ac46ea-efc4-4683-b6d5-6d95bed41c5e/CCDG_14151/Project_CCDG_14151_B01_GRM_WGS.cram.2020-02-12/Sample_HG00673/analysis/HG00673.final.cram.crai	gs://str-truth-set-v2/filter_vcf_v2__2025_12_29/HG00673/HG00673.high_confidence_regions.vcf.gz	gs://str-truth-set-v2/dipcall_pipeline/HG00673/HG00673.dip.bed.gz	2646576528
HG02984	GWD	Gambian in Western Division, The Gambia	male	gs://fc-56ac46ea-efc4-4683-b6d5-6d95bed41c5e/CCDG_14151/Project_CCDG_14151_B01_GRM_WGS.cram.2020-02-12/Sample_HG02984/analysis/HG02984.final.cram	gs://fc-56ac46ea-efc4-4683-b6d5-6d95bed41c5e/CCDG_14151/Project_CCDG_14151_B01_GRM_WGS.cram.2020-02-12/Sample_HG02984/analysis/HG02984.final.cram.crai	gs://str-truth-set-v2/filter_vcf_v2__2025_12_29/HG02984/HG02984.high_confidence_regions.vcf.gz	gs://str-truth-set-v2/dipcall_pipeline/HPRC_release2/HG02984/HG02984.dip.bed.gz	2646535997
HG01255	CLM	Colombian in Medellin, Colombia	male	gs://fc-56ac46ea-efc4-4683-b6d5-6d95bed41c5e/CCDG_14151/Project_CCDG_14151_B01_GRM_WGS.cram.2020-02-12/Sample_HG01255/analysis/HG01255.final.cram	gs://fc-56ac46ea-efc4-4683-b6d5-6d95bed41c5e/CCDG_14151/Project_CCDG_14151_B01_GRM_WGS.cram.2020-02-12/Sample_HG01255/analysis/HG01255.final.cram.crai	gs://str-truth-set-v2/filter_vcf_v2__2025_12_29/HG01255/HG01255.high_confidence_regions.vcf.gz	gs://str-truth-set-v2/dipcall_pipeline/HPRC_release2/HG01255/HG01255.dip.bed.gz	2646359203
HG02258	ACB	African Caribbean in Barbados	male	gs://fc-56ac46ea-efc4-4683-b6d5-6d95bed41c5e/CCDG_14151/Project_CCDG_14151_B01_GRM_WGS.cram.2020-02-12/Sample_HG02258/analysis/HG02258.final.cram	gs://fc-56ac46ea-efc4-4683-b6d5-6d95bed41c5e/CCDG_14151/Project_CCDG_14151_B01_GRM_WGS.cram.2020-02-12/Sample_HG02258/analysis/HG02258.final.cram.crai	gs://str-truth-set-v2/filter_vcf_v2__2025_12_29/HG02258/HG02258.high_confidence_regions.vcf.gz	gs://str-truth-set-v2/dipcall_pipeline/HPRC_release2/HG02258/HG02258.dip.bed.gz	2646133014
HG01258	CLM	Colombian in Medellin, Colombia	male	gs://fc-56ac46ea-efc4-4683-b6d5-6d95bed41c5e/CCDG_14151/Project_CCDG_14151_B01_GRM_WGS.cram.2020-02-12/Sample_HG01258/analysis/HG01258.final.cram	gs://fc-56ac46ea-efc4-4683-b6d5-6d95bed41c5e/CCDG_14151/Project_CCDG_14151_B01_GRM_WGS.cram.2020-02-12/Sample_HG01258/analysis/HG01258.final.cram.crai	gs://str-truth-set-v2/filter_vcf_v2__2025_12_29/HG01258/HG01258.high_confidence_regions.vcf.gz	gs://str-truth-set-v2/dipcall_pipeline/HG01258/HG01258.dip.bed.gz	2644839440
