sample_label	sample_id	sex	reads_path	reads_index_path	high_confidence_vcf_path
NA12878	NA12878	female	gs://fc-56ac46ea-efc4-4683-b6d5-6d95bed41c5e/CCDG_13607/Project_CCDG_13607_B01_GRM_WGS.cram.2019-02-06/Sample_NA12878/analysis/NA12878.final.cram	gs://fc-56ac46ea-efc4-4683-b6d5-6d95bed41c5e/CCDG_13607/Project_CCDG_13607_B01_GRM_WGS.cram.2019-02-06/Sample_NA12878/analysis/NA12878.final.cram.crai	gs://str-truth-set-v2/filter_vcf_v2/NA12878/NA12878.high_confidence_regions.vcf.gz
HG03492	HG03492	male	gs://fc-56ac46ea-efc4-4683-b6d5-6d95bed41c5e/CCDG_14151/Project_CCDG_14151_B01_GRM_WGS.cram.2020-02-12/Sample_HG03492/analysis/HG03492.final.cram	gs://fc-56ac46ea-efc4-4683-b6d5-6d95bed41c5e/CCDG_14151/Project_CCDG_14151_B01_GRM_WGS.cram.2020-02-12/Sample_HG03492/analysis/HG03492.final.cram.crai	gs://str-truth-set-v2/filter_vcf_v2/HG03492/HG03492.high_confidence_regions.vcf.gz
HG00621	HG00621	male	gs://fc-56ac46ea-efc4-4683-b6d5-6d95bed41c5e/CCDG_14151/Project_CCDG_14151_B01_GRM_WGS.cram.2020-02-12/Sample_HG00621/analysis/HG00621.final.cram	gs://fc-56ac46ea-efc4-4683-b6d5-6d95bed41c5e/CCDG_14151/Project_CCDG_14151_B01_GRM_WGS.cram.2020-02-12/Sample_HG00621/analysis/HG00621.final.cram.crai	gs://str-truth-set-v2/filter_vcf_v2/HG00621/HG00621.high_confidence_regions.vcf.gz
HG02080	HG02080	female	gs://fc-56ac46ea-efc4-4683-b6d5-6d95bed41c5e/CCDG_14151/Project_CCDG_14151_B01_GRM_WGS.cram.2020-02-12/Sample_HG02080/analysis/HG02080.final.cram	gs://fc-56ac46ea-efc4-4683-b6d5-6d95bed41c5e/CCDG_14151/Project_CCDG_14151_B01_GRM_WGS.cram.2020-02-12/Sample_HG02080/analysis/HG02080.final.cram.crai	gs://str-truth-set-v2/filter_vcf_v2/HG02080/HG02080.high_confidence_regions.vcf.gz
HG01106	HG01106	male	gs://fc-56ac46ea-efc4-4683-b6d5-6d95bed41c5e/CCDG_14151/Project_CCDG_14151_B01_GRM_WGS.cram.2020-02-12/Sample_HG01106/analysis/HG01106.final.cram	gs://fc-56ac46ea-efc4-4683-b6d5-6d95bed41c5e/CCDG_14151/Project_CCDG_14151_B01_GRM_WGS.cram.2020-02-12/Sample_HG01106/analysis/HG01106.final.cram.crai	gs://str-truth-set-v2/filter_vcf_v2/HG01106/HG01106.high_confidence_regions.vcf.gz
HG01258	HG01258	male	gs://fc-56ac46ea-efc4-4683-b6d5-6d95bed41c5e/CCDG_14151/Project_CCDG_14151_B01_GRM_WGS.cram.2020-02-12/Sample_HG01258/analysis/HG01258.final.cram	gs://fc-56ac46ea-efc4-4683-b6d5-6d95bed41c5e/CCDG_14151/Project_CCDG_14151_B01_GRM_WGS.cram.2020-02-12/Sample_HG01258/analysis/HG01258.final.cram.crai	gs://str-truth-set-v2/filter_vcf_v2/HG01258/HG01258.high_confidence_regions.vcf.gz
HG01928	HG01928	male	gs://fc-56ac46ea-efc4-4683-b6d5-6d95bed41c5e/CCDG_14151/Project_CCDG_14151_B01_GRM_WGS.cram.2020-02-12/Sample_HG01928/analysis/HG01928.final.cram	gs://fc-56ac46ea-efc4-4683-b6d5-6d95bed41c5e/CCDG_14151/Project_CCDG_14151_B01_GRM_WGS.cram.2020-02-12/Sample_HG01928/analysis/HG01928.final.cram.crai	gs://str-truth-set-v2/filter_vcf_v2/HG01928/HG01928.high_confidence_regions.vcf.gz
HG02055	HG02055	male	gs://fc-56ac46ea-efc4-4683-b6d5-6d95bed41c5e/CCDG_14151/Project_CCDG_14151_B01_GRM_WGS.cram.2020-02-12/Sample_HG02055/analysis/HG02055.final.cram	gs://fc-56ac46ea-efc4-4683-b6d5-6d95bed41c5e/CCDG_14151/Project_CCDG_14151_B01_GRM_WGS.cram.2020-02-12/Sample_HG02055/analysis/HG02055.final.cram.crai	gs://str-truth-set-v2/filter_vcf_v2/HG02055/HG02055.high_confidence_regions.vcf.gz
HG02622	HG02622	female	gs://fc-56ac46ea-efc4-4683-b6d5-6d95bed41c5e/CCDG_14151/Project_CCDG_14151_B01_GRM_WGS.cram.2020-02-12/Sample_HG02622/analysis/HG02622.final.cram	gs://fc-56ac46ea-efc4-4683-b6d5-6d95bed41c5e/CCDG_14151/Project_CCDG_14151_B01_GRM_WGS.cram.2020-02-12/Sample_HG02622/analysis/HG02622.final.cram.crai	gs://str-truth-set-v2/filter_vcf_v2/HG02622/HG02622.high_confidence_regions.vcf.gz
HG03453	HG03453	female	gs://fc-56ac46ea-efc4-4683-b6d5-6d95bed41c5e/CCDG_14151/Project_CCDG_14151_B01_GRM_WGS.cram.2020-02-12/Sample_HG03453/analysis/HG03453.final.cram	gs://fc-56ac46ea-efc4-4683-b6d5-6d95bed41c5e/CCDG_14151/Project_CCDG_14151_B01_GRM_WGS.cram.2020-02-12/Sample_HG03453/analysis/HG03453.final.cram.crai	gs://str-truth-set-v2/filter_vcf_v2/HG03453/HG03453.high_confidence_regions.vcf.gz
HG03125	HG03125	female	gs://fc-56ac46ea-efc4-4683-b6d5-6d95bed41c5e/CCDG_14151/Project_CCDG_14151_B01_GRM_WGS.cram.2020-02-12/Sample_HG03125/analysis/HG03125.final.cram	gs://fc-56ac46ea-efc4-4683-b6d5-6d95bed41c5e/CCDG_14151/Project_CCDG_14151_B01_GRM_WGS.cram.2020-02-12/Sample_HG03125/analysis/HG03125.final.cram.crai	gs://str-truth-set-v2/filter_vcf_v2/HG03125/HG03125.high_confidence_regions.vcf.gz
NA18906	NA18906	female	gs://fc-56ac46ea-efc4-4683-b6d5-6d95bed41c5e/CCDG_14151/Project_CCDG_14151_B01_GRM_WGS.cram.2020-02-12/Sample_NA18906/analysis/NA18906.final.cram	gs://fc-56ac46ea-efc4-4683-b6d5-6d95bed41c5e/CCDG_14151/Project_CCDG_14151_B01_GRM_WGS.cram.2020-02-12/Sample_NA18906/analysis/NA18906.final.cram.crai	gs://str-truth-set-v2/filter_vcf_v2/NA18906/NA18906.high_confidence_regions.vcf.gz
NA20129	NA20129	female	gs://fc-56ac46ea-efc4-4683-b6d5-6d95bed41c5e/CCDG_14151/Project_CCDG_14151_B01_GRM_WGS.cram.2020-02-12/Sample_NA20129/analysis/NA20129.final.cram	gs://fc-56ac46ea-efc4-4683-b6d5-6d95bed41c5e/CCDG_14151/Project_CCDG_14151_B01_GRM_WGS.cram.2020-02-12/Sample_NA20129/analysis/NA20129.final.cram.crai	gs://str-truth-set-v2/filter_vcf_v2/NA20129/NA20129.high_confidence_regions.vcf.gz
HG03804	HG03804	female	gs://fc-56ac46ea-efc4-4683-b6d5-6d95bed41c5e/CCDG_14151/Project_CCDG_14151_B01_GRM_WGS.cram.2020-02-12/Sample_HG03804/analysis/HG03804.final.cram	gs://fc-56ac46ea-efc4-4683-b6d5-6d95bed41c5e/CCDG_14151/Project_CCDG_14151_B01_GRM_WGS.cram.2020-02-12/Sample_HG03804/analysis/HG03804.final.cram.crai	gs://str-truth-set-v2/filter_vcf_v2/HPRC_release2/HG03804/HG03804.high_confidence_regions.vcf.gz
HG04228	HG04228	male	gs://fc-56ac46ea-efc4-4683-b6d5-6d95bed41c5e/CCDG_14151/Project_CCDG_14151_B01_GRM_WGS.cram.2020-02-12/Sample_HG04228/analysis/HG04228.final.cram	gs://fc-56ac46ea-efc4-4683-b6d5-6d95bed41c5e/CCDG_14151/Project_CCDG_14151_B01_GRM_WGS.cram.2020-02-12/Sample_HG04228/analysis/HG04228.final.cram.crai	gs://str-truth-set-v2/filter_vcf_v2/HPRC_release2/HG04228/HG04228.high_confidence_regions.vcf.gz
HG02615	HG02615	female	gs://fc-56ac46ea-efc4-4683-b6d5-6d95bed41c5e/CCDG_14151/Project_CCDG_14151_B01_GRM_WGS.cram.2020-02-12/Sample_HG02615/analysis/HG02615.final.cram	gs://fc-56ac46ea-efc4-4683-b6d5-6d95bed41c5e/CCDG_14151/Project_CCDG_14151_B01_GRM_WGS.cram.2020-02-12/Sample_HG02615/analysis/HG02615.final.cram.crai	gs://str-truth-set-v2/filter_vcf_v2/HPRC_release2/HG02615/HG02615.high_confidence_regions.vcf.gz
HG02135	HG02135	male	gs://fc-56ac46ea-efc4-4683-b6d5-6d95bed41c5e/CCDG_14151/Project_CCDG_14151_B01_GRM_WGS.cram.2020-02-12/Sample_HG02135/analysis/HG02135.final.cram	gs://fc-56ac46ea-efc4-4683-b6d5-6d95bed41c5e/CCDG_14151/Project_CCDG_14151_B01_GRM_WGS.cram.2020-02-12/Sample_HG02135/analysis/HG02135.final.cram.crai	gs://str-truth-set-v2/filter_vcf_v2/HPRC_release2/HG02135/HG02135.high_confidence_regions.vcf.gz
HG03710	HG03710	male	gs://fc-56ac46ea-efc4-4683-b6d5-6d95bed41c5e/CCDG_14151/Project_CCDG_14151_B01_GRM_WGS.cram.2020-02-12/Sample_HG03710/analysis/HG03710.final.cram	gs://fc-56ac46ea-efc4-4683-b6d5-6d95bed41c5e/CCDG_14151/Project_CCDG_14151_B01_GRM_WGS.cram.2020-02-12/Sample_HG03710/analysis/HG03710.final.cram.crai	gs://str-truth-set-v2/filter_vcf_v2/HPRC_release2/HG03710/HG03710.high_confidence_regions.vcf.gz
HG03927	HG03927	female	gs://fc-56ac46ea-efc4-4683-b6d5-6d95bed41c5e/CCDG_14151/Project_CCDG_14151_B01_GRM_WGS.cram.2020-02-12/Sample_HG03927/analysis/HG03927.final.cram	gs://fc-56ac46ea-efc4-4683-b6d5-6d95bed41c5e/CCDG_14151/Project_CCDG_14151_B01_GRM_WGS.cram.2020-02-12/Sample_HG03927/analysis/HG03927.final.cram.crai	gs://str-truth-set-v2/filter_vcf_v2/HPRC_release2/HG03927/HG03927.high_confidence_regions.vcf.gz
HG00408	HG00408	female	gs://fc-56ac46ea-efc4-4683-b6d5-6d95bed41c5e/CCDG_14151/Project_CCDG_14151_B01_GRM_WGS.cram.2020-02-12/Sample_HG00408/analysis/HG00408.final.cram	gs://fc-56ac46ea-efc4-4683-b6d5-6d95bed41c5e/CCDG_14151/Project_CCDG_14151_B01_GRM_WGS.cram.2020-02-12/Sample_HG00408/analysis/HG00408.final.cram.crai	gs://str-truth-set-v2/filter_vcf_v2/HPRC_release2/HG00408/HG00408.high_confidence_regions.vcf.gz
HG01433	HG01433	male	gs://fc-56ac46ea-efc4-4683-b6d5-6d95bed41c5e/CCDG_14151/Project_CCDG_14151_B01_GRM_WGS.cram.2020-02-12/Sample_HG01433/analysis/HG01433.final.cram	gs://fc-56ac46ea-efc4-4683-b6d5-6d95bed41c5e/CCDG_14151/Project_CCDG_14151_B01_GRM_WGS.cram.2020-02-12/Sample_HG01433/analysis/HG01433.final.cram.crai	gs://str-truth-set-v2/filter_vcf_v2/HPRC_release2/HG01433/HG01433.high_confidence_regions.vcf.gz
HG02273	HG02273	female	gs://fc-56ac46ea-efc4-4683-b6d5-6d95bed41c5e/CCDG_14151/Project_CCDG_14151_B01_GRM_WGS.cram.2020-02-12/Sample_HG02273/analysis/HG02273.final.cram	gs://fc-56ac46ea-efc4-4683-b6d5-6d95bed41c5e/CCDG_14151/Project_CCDG_14151_B01_GRM_WGS.cram.2020-02-12/Sample_HG02273/analysis/HG02273.final.cram.crai	gs://str-truth-set-v2/filter_vcf_v2/HPRC_release2/HG02273/HG02273.high_confidence_regions.vcf.gz
HG01192	HG01192	male	gs://fc-56ac46ea-efc4-4683-b6d5-6d95bed41c5e/CCDG_14151/Project_CCDG_14151_B01_GRM_WGS.cram.2020-02-12/Sample_HG01192/analysis/HG01192.final.cram	gs://fc-56ac46ea-efc4-4683-b6d5-6d95bed41c5e/CCDG_14151/Project_CCDG_14151_B01_GRM_WGS.cram.2020-02-12/Sample_HG01192/analysis/HG01192.final.cram.crai	gs://str-truth-set-v2/filter_vcf_v2/HPRC_release2/HG01192/HG01192.high_confidence_regions.vcf.gz
HG02451	HG02451	female	gs://fc-56ac46ea-efc4-4683-b6d5-6d95bed41c5e/CCDG_14151/Project_CCDG_14151_B01_GRM_WGS.cram.2020-02-12/Sample_HG02451/analysis/HG02451.final.cram	gs://fc-56ac46ea-efc4-4683-b6d5-6d95bed41c5e/CCDG_14151/Project_CCDG_14151_B01_GRM_WGS.cram.2020-02-12/Sample_HG02451/analysis/HG02451.final.cram.crai	gs://str-truth-set-v2/filter_vcf_v2/HPRC_release2/HG02451/HG02451.high_confidence_regions.vcf.gz
HG03688	HG03688	male	gs://fc-56ac46ea-efc4-4683-b6d5-6d95bed41c5e/CCDG_14151/Project_CCDG_14151_B01_GRM_WGS.cram.2020-02-12/Sample_HG03688/analysis/HG03688.final.cram	gs://fc-56ac46ea-efc4-4683-b6d5-6d95bed41c5e/CCDG_14151/Project_CCDG_14151_B01_GRM_WGS.cram.2020-02-12/Sample_HG03688/analysis/HG03688.final.cram.crai	gs://str-truth-set-v2/filter_vcf_v2/HPRC_release2/HG03688/HG03688.high_confidence_regions.vcf.gz
NA19983	NA19983	female	gs://fc-56ac46ea-efc4-4683-b6d5-6d95bed41c5e/CCDG_14151/Project_CCDG_14151_B01_GRM_WGS.cram.2020-02-12/Sample_NA19983/analysis/NA19983.final.cram	gs://fc-56ac46ea-efc4-4683-b6d5-6d95bed41c5e/CCDG_14151/Project_CCDG_14151_B01_GRM_WGS.cram.2020-02-12/Sample_NA19983/analysis/NA19983.final.cram.crai	gs://str-truth-set-v2/filter_vcf_v2/NA19983/NA19983.high_confidence_regions.vcf.gz
NA12329	NA12329	female	gs://fc-56ac46ea-efc4-4683-b6d5-6d95bed41c5e/CCDG_14151/Project_CCDG_14151_B01_GRM_WGS.cram.2020-02-12/Sample_NA12329/analysis/NA12329.final.cram	gs://fc-56ac46ea-efc4-4683-b6d5-6d95bed41c5e/CCDG_14151/Project_CCDG_14151_B01_GRM_WGS.cram.2020-02-12/Sample_NA12329/analysis/NA12329.final.cram.crai	gs://str-truth-set-v2/filter_vcf_v2/NA12329/NA12329.high_confidence_regions.vcf.gz
HG02965	HG02965	male	gs://fc-56ac46ea-efc4-4683-b6d5-6d95bed41c5e/CCDG_14151/Project_CCDG_14151_B01_GRM_WGS.cram.2020-02-12/Sample_HG02965/analysis/HG02965.final.cram	gs://fc-56ac46ea-efc4-4683-b6d5-6d95bed41c5e/CCDG_14151/Project_CCDG_14151_B01_GRM_WGS.cram.2020-02-12/Sample_HG02965/analysis/HG02965.final.cram.crai	gs://str-truth-set-v2/filter_vcf_v2/HPRC_release2/HG02965/HG02965.high_confidence_regions.vcf.gz
HG02647	HG02647	male	gs://fc-56ac46ea-efc4-4683-b6d5-6d95bed41c5e/CCDG_14151/Project_CCDG_14151_B01_GRM_WGS.cram.2020-02-12/Sample_HG02647/analysis/HG02647.final.cram	gs://fc-56ac46ea-efc4-4683-b6d5-6d95bed41c5e/CCDG_14151/Project_CCDG_14151_B01_GRM_WGS.cram.2020-02-12/Sample_HG02647/analysis/HG02647.final.cram.crai	gs://str-truth-set-v2/filter_vcf_v2/HPRC_release2/HG02647/HG02647.high_confidence_regions.vcf.gz
HG02129	HG02129	male	gs://fc-56ac46ea-efc4-4683-b6d5-6d95bed41c5e/CCDG_14151/Project_CCDG_14151_B01_GRM_WGS.cram.2020-02-12/Sample_HG02129/analysis/HG02129.final.cram	gs://fc-56ac46ea-efc4-4683-b6d5-6d95bed41c5e/CCDG_14151/Project_CCDG_14151_B01_GRM_WGS.cram.2020-02-12/Sample_HG02129/analysis/HG02129.final.cram.crai	gs://str-truth-set-v2/filter_vcf_v2/HPRC_release2/HG02129/HG02129.high_confidence_regions.vcf.gz
HG03239	HG03239	female	gs://fc-56ac46ea-efc4-4683-b6d5-6d95bed41c5e/CCDG_14151/Project_CCDG_14151_B01_GRM_WGS.cram.2020-02-12/Sample_HG03239/analysis/HG03239.final.cram	gs://fc-56ac46ea-efc4-4683-b6d5-6d95bed41c5e/CCDG_14151/Project_CCDG_14151_B01_GRM_WGS.cram.2020-02-12/Sample_HG03239/analysis/HG03239.final.cram.crai	gs://str-truth-set-v2/filter_vcf_v2/HPRC_release2/HG03239/HG03239.high_confidence_regions.vcf.gz
HG03816	HG03816	female	gs://fc-56ac46ea-efc4-4683-b6d5-6d95bed41c5e/CCDG_14151/Project_CCDG_14151_B01_GRM_WGS.cram.2020-02-12/Sample_HG03816/analysis/HG03816.final.cram	gs://fc-56ac46ea-efc4-4683-b6d5-6d95bed41c5e/CCDG_14151/Project_CCDG_14151_B01_GRM_WGS.cram.2020-02-12/Sample_HG03816/analysis/HG03816.final.cram.crai	gs://str-truth-set-v2/filter_vcf_v2/HPRC_release2/HG03816/HG03816.high_confidence_regions.vcf.gz
HG00658	HG00658	male	gs://fc-56ac46ea-efc4-4683-b6d5-6d95bed41c5e/CCDG_14151/Project_CCDG_14151_B01_GRM_WGS.cram.2020-02-12/Sample_HG00658/analysis/HG00658.final.cram	gs://fc-56ac46ea-efc4-4683-b6d5-6d95bed41c5e/CCDG_14151/Project_CCDG_14151_B01_GRM_WGS.cram.2020-02-12/Sample_HG00658/analysis/HG00658.final.cram.crai	gs://str-truth-set-v2/filter_vcf_v2/HPRC_release2/HG00658/HG00658.high_confidence_regions.vcf.gz
HG01346	HG01346	female	gs://fc-56ac46ea-efc4-4683-b6d5-6d95bed41c5e/CCDG_14151/Project_CCDG_14151_B01_GRM_WGS.cram.2020-02-12/Sample_HG01346/analysis/HG01346.final.cram	gs://fc-56ac46ea-efc4-4683-b6d5-6d95bed41c5e/CCDG_14151/Project_CCDG_14151_B01_GRM_WGS.cram.2020-02-12/Sample_HG01346/analysis/HG01346.final.cram.crai	gs://str-truth-set-v2/filter_vcf_v2/HPRC_release2/HG01346/HG01346.high_confidence_regions.vcf.gz
HG01934	HG01934	male	gs://fc-56ac46ea-efc4-4683-b6d5-6d95bed41c5e/CCDG_14151/Project_CCDG_14151_B01_GRM_WGS.cram.2020-02-12/Sample_HG01934/analysis/HG01934.final.cram	gs://fc-56ac46ea-efc4-4683-b6d5-6d95bed41c5e/CCDG_14151/Project_CCDG_14151_B01_GRM_WGS.cram.2020-02-12/Sample_HG01934/analysis/HG01934.final.cram.crai	gs://str-truth-set-v2/filter_vcf_v2/HPRC_release2/HG01934/HG01934.high_confidence_regions.vcf.gz
HG01074	HG01074	male	gs://fc-56ac46ea-efc4-4683-b6d5-6d95bed41c5e/CCDG_14151/Project_CCDG_14151_B01_GRM_WGS.cram.2020-02-12/Sample_HG01074/analysis/HG01074.final.cram	gs://fc-56ac46ea-efc4-4683-b6d5-6d95bed41c5e/CCDG_14151/Project_CCDG_14151_B01_GRM_WGS.cram.2020-02-12/Sample_HG01074/analysis/HG01074.final.cram.crai	gs://str-truth-set-v2/filter_vcf_v2/HPRC_release2/HG01074/HG01074.high_confidence_regions.vcf.gz
HG01960	HG01960	female	gs://fc-56ac46ea-efc4-4683-b6d5-6d95bed41c5e/CCDG_14151/Project_CCDG_14151_B01_GRM_WGS.cram.2020-02-12/Sample_HG01960/analysis/HG01960.final.cram	gs://fc-56ac46ea-efc4-4683-b6d5-6d95bed41c5e/CCDG_14151/Project_CCDG_14151_B01_GRM_WGS.cram.2020-02-12/Sample_HG01960/analysis/HG01960.final.cram.crai	gs://str-truth-set-v2/filter_vcf_v2/HPRC_release2/HG01960/HG01960.high_confidence_regions.vcf.gz
HG04204	HG04204	male	gs://fc-56ac46ea-efc4-4683-b6d5-6d95bed41c5e/CCDG_14151/Project_CCDG_14151_B01_GRM_WGS.cram.2020-02-12/Sample_HG04204/analysis/HG04204.final.cram	gs://fc-56ac46ea-efc4-4683-b6d5-6d95bed41c5e/CCDG_14151/Project_CCDG_14151_B01_GRM_WGS.cram.2020-02-12/Sample_HG04204/analysis/HG04204.final.cram.crai	gs://str-truth-set-v2/filter_vcf_v2/HPRC_release2/HG04204/HG04204.high_confidence_regions.vcf.gz
HG02841	HG02841	female	gs://fc-56ac46ea-efc4-4683-b6d5-6d95bed41c5e/CCDG_14151/Project_CCDG_14151_B01_GRM_WGS.cram.2020-02-12/Sample_HG02841/analysis/HG02841.final.cram	gs://fc-56ac46ea-efc4-4683-b6d5-6d95bed41c5e/CCDG_14151/Project_CCDG_14151_B01_GRM_WGS.cram.2020-02-12/Sample_HG02841/analysis/HG02841.final.cram.crai	gs://str-truth-set-v2/filter_vcf_v2/HPRC_release2/HG02841/HG02841.high_confidence_regions.vcf.gz
HG02071	HG02071	male	gs://fc-56ac46ea-efc4-4683-b6d5-6d95bed41c5e/CCDG_14151/Project_CCDG_14151_B01_GRM_WGS.cram.2020-02-12/Sample_HG02071/analysis/HG02071.final.cram	gs://fc-56ac46ea-efc4-4683-b6d5-6d95bed41c5e/CCDG_14151/Project_CCDG_14151_B01_GRM_WGS.cram.2020-02-12/Sample_HG02071/analysis/HG02071.final.cram.crai	gs://str-truth-set-v2/filter_vcf_v2/HPRC_release2/HG02071/HG02071.high_confidence_regions.vcf.gz
HG03669	HG03669	female	gs://fc-56ac46ea-efc4-4683-b6d5-6d95bed41c5e/CCDG_14151/Project_CCDG_14151_B01_GRM_WGS.cram.2020-02-12/Sample_HG03669/analysis/HG03669.final.cram	gs://fc-56ac46ea-efc4-4683-b6d5-6d95bed41c5e/CCDG_14151/Project_CCDG_14151_B01_GRM_WGS.cram.2020-02-12/Sample_HG03669/analysis/HG03669.final.cram.crai	gs://str-truth-set-v2/filter_vcf_v2/HPRC_release2/HG03669/HG03669.high_confidence_regions.vcf.gz
HG03831	HG03831	female	gs://fc-56ac46ea-efc4-4683-b6d5-6d95bed41c5e/CCDG_14151/Project_CCDG_14151_B01_GRM_WGS.cram.2020-02-12/Sample_HG03831/analysis/HG03831.final.cram	gs://fc-56ac46ea-efc4-4683-b6d5-6d95bed41c5e/CCDG_14151/Project_CCDG_14151_B01_GRM_WGS.cram.2020-02-12/Sample_HG03831/analysis/HG03831.final.cram.crai	gs://str-truth-set-v2/filter_vcf_v2/HPRC_release2/HG03831/HG03831.high_confidence_regions.vcf.gz
HG00706	HG00706	male	gs://fc-56ac46ea-efc4-4683-b6d5-6d95bed41c5e/CCDG_14151/Project_CCDG_14151_B01_GRM_WGS.cram.2020-02-12/Sample_HG00706/analysis/HG00706.final.cram	gs://fc-56ac46ea-efc4-4683-b6d5-6d95bed41c5e/CCDG_14151/Project_CCDG_14151_B01_GRM_WGS.cram.2020-02-12/Sample_HG00706/analysis/HG00706.final.cram.crai	gs://str-truth-set-v2/filter_vcf_v2/HPRC_release2/HG00706/HG00706.high_confidence_regions.vcf.gz
HG01150	HG01150	female	gs://fc-56ac46ea-efc4-4683-b6d5-6d95bed41c5e/CCDG_14151/Project_CCDG_14151_B01_GRM_WGS.cram.2020-02-12/Sample_HG01150/analysis/HG01150.final.cram	gs://fc-56ac46ea-efc4-4683-b6d5-6d95bed41c5e/CCDG_14151/Project_CCDG_14151_B01_GRM_WGS.cram.2020-02-12/Sample_HG01150/analysis/HG01150.final.cram.crai	gs://str-truth-set-v2/filter_vcf_v2/HPRC_release2/HG01150/HG01150.high_confidence_regions.vcf.gz
HG00423	HG00423	female	gs://fc-56ac46ea-efc4-4683-b6d5-6d95bed41c5e/CCDG_14151/Project_CCDG_14151_B01_GRM_WGS.cram.2020-02-12/Sample_HG00423/analysis/HG00423.final.cram	gs://fc-56ac46ea-efc4-4683-b6d5-6d95bed41c5e/CCDG_14151/Project_CCDG_14151_B01_GRM_WGS.cram.2020-02-12/Sample_HG00423/analysis/HG00423.final.cram.crai	gs://str-truth-set-v2/filter_vcf_v2/HPRC_release2/HG00423/HG00423.high_confidence_regions.vcf.gz
HG00438	HG00438	female	gs://fc-56ac46ea-efc4-4683-b6d5-6d95bed41c5e/CCDG_14151/Project_CCDG_14151_B01_GRM_WGS.cram.2020-02-12/Sample_HG00438/analysis/HG00438.final.cram	gs://fc-56ac46ea-efc4-4683-b6d5-6d95bed41c5e/CCDG_14151/Project_CCDG_14151_B01_GRM_WGS.cram.2020-02-12/Sample_HG00438/analysis/HG00438.final.cram.crai	gs://str-truth-set-v2/filter_vcf_v2/HG00438/HG00438.high_confidence_regions.vcf.gz
HG00514	HG00514	female	gs://fc-56ac46ea-efc4-4683-b6d5-6d95bed41c5e/CCDG_14151/Project_CCDG_14151_B01_GRM_WGS.cram.2020-02-12/Sample_HG00514/analysis/HG00514.final.cram	gs://fc-56ac46ea-efc4-4683-b6d5-6d95bed41c5e/CCDG_14151/Project_CCDG_14151_B01_GRM_WGS.cram.2020-02-12/Sample_HG00514/analysis/HG00514.final.cram.crai	gs://str-truth-set-v2/filter_vcf_v2/HG00514/HG00514.high_confidence_regions.vcf.gz
HG00544	HG00544	female	gs://fc-56ac46ea-efc4-4683-b6d5-6d95bed41c5e/CCDG_14151/Project_CCDG_14151_B01_GRM_WGS.cram.2020-02-12/Sample_HG00544/analysis/HG00544.final.cram	gs://fc-56ac46ea-efc4-4683-b6d5-6d95bed41c5e/CCDG_14151/Project_CCDG_14151_B01_GRM_WGS.cram.2020-02-12/Sample_HG00544/analysis/HG00544.final.cram.crai	gs://str-truth-set-v2/filter_vcf_v2/HPRC_release2/HG00544/HG00544.high_confidence_regions.vcf.gz
HG00558	HG00558	female	gs://fc-56ac46ea-efc4-4683-b6d5-6d95bed41c5e/CCDG_14151/Project_CCDG_14151_B01_GRM_WGS.cram.2020-02-12/Sample_HG00558/analysis/HG00558.final.cram	gs://fc-56ac46ea-efc4-4683-b6d5-6d95bed41c5e/CCDG_14151/Project_CCDG_14151_B01_GRM_WGS.cram.2020-02-12/Sample_HG00558/analysis/HG00558.final.cram.crai	gs://str-truth-set-v2/filter_vcf_v2/HPRC_release2/HG00558/HG00558.high_confidence_regions.vcf.gz
HG00597	HG00597	female	gs://fc-56ac46ea-efc4-4683-b6d5-6d95bed41c5e/CCDG_14151/Project_CCDG_14151_B01_GRM_WGS.cram.2020-02-12/Sample_HG00597/analysis/HG00597.final.cram	gs://fc-56ac46ea-efc4-4683-b6d5-6d95bed41c5e/CCDG_14151/Project_CCDG_14151_B01_GRM_WGS.cram.2020-02-12/Sample_HG00597/analysis/HG00597.final.cram.crai	gs://str-truth-set-v2/filter_vcf_v2/HPRC_release2/HG00597/HG00597.high_confidence_regions.vcf.gz
HG00609	HG00609	male	gs://fc-56ac46ea-efc4-4683-b6d5-6d95bed41c5e/CCDG_14151/Project_CCDG_14151_B01_GRM_WGS.cram.2020-02-12/Sample_HG00609/analysis/HG00609.final.cram	gs://fc-56ac46ea-efc4-4683-b6d5-6d95bed41c5e/CCDG_14151/Project_CCDG_14151_B01_GRM_WGS.cram.2020-02-12/Sample_HG00609/analysis/HG00609.final.cram.crai	gs://str-truth-set-v2/filter_vcf_v2/HPRC_release2/HG00609/HG00609.high_confidence_regions.vcf.gz
HG00639	HG00639	female	gs://fc-56ac46ea-efc4-4683-b6d5-6d95bed41c5e/CCDG_14151/Project_CCDG_14151_B01_GRM_WGS.cram.2020-02-12/Sample_HG00639/analysis/HG00639.final.cram	gs://fc-56ac46ea-efc4-4683-b6d5-6d95bed41c5e/CCDG_14151/Project_CCDG_14151_B01_GRM_WGS.cram.2020-02-12/Sample_HG00639/analysis/HG00639.final.cram.crai	gs://str-truth-set-v2/filter_vcf_v2/HPRC_release2/HG00639/HG00639.high_confidence_regions.vcf.gz
HG00642	HG00642	male	gs://fc-56ac46ea-efc4-4683-b6d5-6d95bed41c5e/CCDG_14151/Project_CCDG_14151_B01_GRM_WGS.cram.2020-02-12/Sample_HG00642/analysis/HG00642.final.cram	gs://fc-56ac46ea-efc4-4683-b6d5-6d95bed41c5e/CCDG_14151/Project_CCDG_14151_B01_GRM_WGS.cram.2020-02-12/Sample_HG00642/analysis/HG00642.final.cram.crai	gs://str-truth-set-v2/filter_vcf_v2/HPRC_release2/HG00642/HG00642.high_confidence_regions.vcf.gz
HG00673	HG00673	male	gs://fc-56ac46ea-efc4-4683-b6d5-6d95bed41c5e/CCDG_14151/Project_CCDG_14151_B01_GRM_WGS.cram.2020-02-12/Sample_HG00673/analysis/HG00673.final.cram	gs://fc-56ac46ea-efc4-4683-b6d5-6d95bed41c5e/CCDG_14151/Project_CCDG_14151_B01_GRM_WGS.cram.2020-02-12/Sample_HG00673/analysis/HG00673.final.cram.crai	gs://str-truth-set-v2/filter_vcf_v2/HG00673/HG00673.high_confidence_regions.vcf.gz
HG00733	HG00733	female	gs://fc-56ac46ea-efc4-4683-b6d5-6d95bed41c5e/CCDG_14151/Project_CCDG_14151_B01_GRM_WGS.cram.2020-02-12/Sample_HG00733/analysis/HG00733.final.cram	gs://fc-56ac46ea-efc4-4683-b6d5-6d95bed41c5e/CCDG_14151/Project_CCDG_14151_B01_GRM_WGS.cram.2020-02-12/Sample_HG00733/analysis/HG00733.final.cram.crai	gs://str-truth-set-v2/filter_vcf_v2/HG00733/HG00733.high_confidence_regions.vcf.gz
HG00735	HG00735	female	gs://fc-56ac46ea-efc4-4683-b6d5-6d95bed41c5e/CCDG_14151/Project_CCDG_14151_B01_GRM_WGS.cram.2020-02-12/Sample_HG00735/analysis/HG00735.final.cram	gs://fc-56ac46ea-efc4-4683-b6d5-6d95bed41c5e/CCDG_14151/Project_CCDG_14151_B01_GRM_WGS.cram.2020-02-12/Sample_HG00735/analysis/HG00735.final.cram.crai	gs://str-truth-set-v2/filter_vcf_v2/HG00735/HG00735.high_confidence_regions.vcf.gz
HG00738	HG00738	male	gs://fc-56ac46ea-efc4-4683-b6d5-6d95bed41c5e/CCDG_14151/Project_CCDG_14151_B01_GRM_WGS.cram.2020-02-12/Sample_HG00738/analysis/HG00738.final.cram	gs://fc-56ac46ea-efc4-4683-b6d5-6d95bed41c5e/CCDG_14151/Project_CCDG_14151_B01_GRM_WGS.cram.2020-02-12/Sample_HG00738/analysis/HG00738.final.cram.crai	gs://str-truth-set-v2/filter_vcf_v2/HPRC_release2/HG00738/HG00738.high_confidence_regions.vcf.gz
HG00741	HG00741	female	gs://fc-56ac46ea-efc4-4683-b6d5-6d95bed41c5e/CCDG_14151/Project_CCDG_14151_B01_GRM_WGS.cram.2020-02-12/Sample_HG00741/analysis/HG00741.final.cram	gs://fc-56ac46ea-efc4-4683-b6d5-6d95bed41c5e/CCDG_14151/Project_CCDG_14151_B01_GRM_WGS.cram.2020-02-12/Sample_HG00741/analysis/HG00741.final.cram.crai	gs://str-truth-set-v2/filter_vcf_v2/HG00741/HG00741.high_confidence_regions.vcf.gz
HG01071	HG01071	female	gs://fc-56ac46ea-efc4-4683-b6d5-6d95bed41c5e/CCDG_14151/Project_CCDG_14151_B01_GRM_WGS.cram.2020-02-12/Sample_HG01071/analysis/HG01071.final.cram	gs://fc-56ac46ea-efc4-4683-b6d5-6d95bed41c5e/CCDG_14151/Project_CCDG_14151_B01_GRM_WGS.cram.2020-02-12/Sample_HG01071/analysis/HG01071.final.cram.crai	gs://str-truth-set-v2/filter_vcf_v2/HG01071/HG01071.high_confidence_regions.vcf.gz
HG01081	HG01081	female	gs://fc-56ac46ea-efc4-4683-b6d5-6d95bed41c5e/CCDG_14151/Project_CCDG_14151_B01_GRM_WGS.cram.2020-02-12/Sample_HG01081/analysis/HG01081.final.cram	gs://fc-56ac46ea-efc4-4683-b6d5-6d95bed41c5e/CCDG_14151/Project_CCDG_14151_B01_GRM_WGS.cram.2020-02-12/Sample_HG01081/analysis/HG01081.final.cram.crai	gs://str-truth-set-v2/filter_vcf_v2/HPRC_release2/HG01081/HG01081.high_confidence_regions.vcf.gz
HG01099	HG01099	male	gs://fc-56ac46ea-efc4-4683-b6d5-6d95bed41c5e/CCDG_14151/Project_CCDG_14151_B01_GRM_WGS.cram.2020-02-12/Sample_HG01099/analysis/HG01099.final.cram	gs://fc-56ac46ea-efc4-4683-b6d5-6d95bed41c5e/CCDG_14151/Project_CCDG_14151_B01_GRM_WGS.cram.2020-02-12/Sample_HG01099/analysis/HG01099.final.cram.crai	gs://str-truth-set-v2/filter_vcf_v2/HPRC_release2/HG01099/HG01099.high_confidence_regions.vcf.gz
HG01109	HG01109	male	gs://fc-56ac46ea-efc4-4683-b6d5-6d95bed41c5e/CCDG_14151/Project_CCDG_14151_B01_GRM_WGS.cram.2020-02-12/Sample_HG01109/analysis/HG01109.final.cram	gs://fc-56ac46ea-efc4-4683-b6d5-6d95bed41c5e/CCDG_14151/Project_CCDG_14151_B01_GRM_WGS.cram.2020-02-12/Sample_HG01109/analysis/HG01109.final.cram.crai	gs://str-truth-set-v2/filter_vcf_v2/HG01109/HG01109.high_confidence_regions.vcf.gz
HG01114	HG01114	female	gs://fc-56ac46ea-efc4-4683-b6d5-6d95bed41c5e/CCDG_14151/Project_CCDG_14151_B01_GRM_WGS.cram.2020-02-12/Sample_HG01114/analysis/HG01114.final.cram	gs://fc-56ac46ea-efc4-4683-b6d5-6d95bed41c5e/CCDG_14151/Project_CCDG_14151_B01_GRM_WGS.cram.2020-02-12/Sample_HG01114/analysis/HG01114.final.cram.crai	gs://str-truth-set-v2/filter_vcf_v2/HG01114/HG01114.high_confidence_regions.vcf.gz
HG01175	HG01175	female	gs://fc-56ac46ea-efc4-4683-b6d5-6d95bed41c5e/CCDG_14151/Project_CCDG_14151_B01_GRM_WGS.cram.2020-02-12/Sample_HG01175/analysis/HG01175.final.cram	gs://fc-56ac46ea-efc4-4683-b6d5-6d95bed41c5e/CCDG_14151/Project_CCDG_14151_B01_GRM_WGS.cram.2020-02-12/Sample_HG01175/analysis/HG01175.final.cram.crai	gs://str-truth-set-v2/filter_vcf_v2/HG01175/HG01175.high_confidence_regions.vcf.gz
HG01243	HG01243	male	gs://fc-56ac46ea-efc4-4683-b6d5-6d95bed41c5e/CCDG_14151/Project_CCDG_14151_B01_GRM_WGS.cram.2020-02-12/Sample_HG01243/analysis/HG01243.final.cram	gs://fc-56ac46ea-efc4-4683-b6d5-6d95bed41c5e/CCDG_14151/Project_CCDG_14151_B01_GRM_WGS.cram.2020-02-12/Sample_HG01243/analysis/HG01243.final.cram.crai	gs://str-truth-set-v2/filter_vcf_v2/HG01243/HG01243.high_confidence_regions.vcf.gz
HG01252	HG01252	male	gs://fc-56ac46ea-efc4-4683-b6d5-6d95bed41c5e/CCDG_14151/Project_CCDG_14151_B01_GRM_WGS.cram.2020-02-12/Sample_HG01252/analysis/HG01252.final.cram	gs://fc-56ac46ea-efc4-4683-b6d5-6d95bed41c5e/CCDG_14151/Project_CCDG_14151_B01_GRM_WGS.cram.2020-02-12/Sample_HG01252/analysis/HG01252.final.cram.crai	gs://str-truth-set-v2/filter_vcf_v2/HPRC_release2/HG01252/HG01252.high_confidence_regions.vcf.gz
HG01255	HG01255	male	gs://fc-56ac46ea-efc4-4683-b6d5-6d95bed41c5e/CCDG_14151/Project_CCDG_14151_B01_GRM_WGS.cram.2020-02-12/Sample_HG01255/analysis/HG01255.final.cram	gs://fc-56ac46ea-efc4-4683-b6d5-6d95bed41c5e/CCDG_14151/Project_CCDG_14151_B01_GRM_WGS.cram.2020-02-12/Sample_HG01255/analysis/HG01255.final.cram.crai	gs://str-truth-set-v2/filter_vcf_v2/HPRC_release2/HG01255/HG01255.high_confidence_regions.vcf.gz
HG01261	HG01261	male	gs://fc-56ac46ea-efc4-4683-b6d5-6d95bed41c5e/CCDG_14151/Project_CCDG_14151_B01_GRM_WGS.cram.2020-02-12/Sample_HG01261/analysis/HG01261.final.cram	gs://fc-56ac46ea-efc4-4683-b6d5-6d95bed41c5e/CCDG_14151/Project_CCDG_14151_B01_GRM_WGS.cram.2020-02-12/Sample_HG01261/analysis/HG01261.final.cram.crai	gs://str-truth-set-v2/filter_vcf_v2/HPRC_release2/HG01261/HG01261.high_confidence_regions.vcf.gz
HG01358	HG01358	male	gs://fc-56ac46ea-efc4-4683-b6d5-6d95bed41c5e/CCDG_14151/Project_CCDG_14151_B01_GRM_WGS.cram.2020-02-12/Sample_HG01358/analysis/HG01358.final.cram	gs://fc-56ac46ea-efc4-4683-b6d5-6d95bed41c5e/CCDG_14151/Project_CCDG_14151_B01_GRM_WGS.cram.2020-02-12/Sample_HG01358/analysis/HG01358.final.cram.crai	gs://str-truth-set-v2/filter_vcf_v2/HG01358/HG01358.high_confidence_regions.vcf.gz
HG01361	HG01361	female	gs://fc-56ac46ea-efc4-4683-b6d5-6d95bed41c5e/CCDG_14151/Project_CCDG_14151_B01_GRM_WGS.cram.2020-02-12/Sample_HG01361/analysis/HG01361.final.cram	gs://fc-56ac46ea-efc4-4683-b6d5-6d95bed41c5e/CCDG_14151/Project_CCDG_14151_B01_GRM_WGS.cram.2020-02-12/Sample_HG01361/analysis/HG01361.final.cram.crai	gs://str-truth-set-v2/filter_vcf_v2/HG01361/HG01361.high_confidence_regions.vcf.gz
HG01496	HG01496	female	gs://fc-56ac46ea-efc4-4683-b6d5-6d95bed41c5e/CCDG_14151/Project_CCDG_14151_B01_GRM_WGS.cram.2020-02-12/Sample_HG01496/analysis/HG01496.final.cram	gs://fc-56ac46ea-efc4-4683-b6d5-6d95bed41c5e/CCDG_14151/Project_CCDG_14151_B01_GRM_WGS.cram.2020-02-12/Sample_HG01496/analysis/HG01496.final.cram.crai	gs://str-truth-set-v2/filter_vcf_v2/HPRC_release2/HG01496/HG01496.high_confidence_regions.vcf.gz
HG01884	HG01884	female	gs://fc-56ac46ea-efc4-4683-b6d5-6d95bed41c5e/CCDG_14151/Project_CCDG_14151_B01_GRM_WGS.cram.2020-02-12/Sample_HG01884/analysis/HG01884.final.cram	gs://fc-56ac46ea-efc4-4683-b6d5-6d95bed41c5e/CCDG_14151/Project_CCDG_14151_B01_GRM_WGS.cram.2020-02-12/Sample_HG01884/analysis/HG01884.final.cram.crai	gs://str-truth-set-v2/filter_vcf_v2/HPRC_release2/HG01884/HG01884.high_confidence_regions.vcf.gz
HG01891	HG01891	female	gs://fc-56ac46ea-efc4-4683-b6d5-6d95bed41c5e/CCDG_14151/Project_CCDG_14151_B01_GRM_WGS.cram.2020-02-12/Sample_HG01891/analysis/HG01891.final.cram	gs://fc-56ac46ea-efc4-4683-b6d5-6d95bed41c5e/CCDG_14151/Project_CCDG_14151_B01_GRM_WGS.cram.2020-02-12/Sample_HG01891/analysis/HG01891.final.cram.crai	gs://str-truth-set-v2/filter_vcf_v2/HG01891/HG01891.high_confidence_regions.vcf.gz
HG01940	HG01940	female	gs://fc-56ac46ea-efc4-4683-b6d5-6d95bed41c5e/CCDG_14151/Project_CCDG_14151_B01_GRM_WGS.cram.2020-02-12/Sample_HG01940/analysis/HG01940.final.cram	gs://fc-56ac46ea-efc4-4683-b6d5-6d95bed41c5e/CCDG_14151/Project_CCDG_14151_B01_GRM_WGS.cram.2020-02-12/Sample_HG01940/analysis/HG01940.final.cram.crai	gs://str-truth-set-v2/filter_vcf_v2/HPRC_release2/HG01940/HG01940.high_confidence_regions.vcf.gz
HG01943	HG01943	male	gs://fc-56ac46ea-efc4-4683-b6d5-6d95bed41c5e/CCDG_14151/Project_CCDG_14151_B01_GRM_WGS.cram.2020-02-12/Sample_HG01943/analysis/HG01943.final.cram	gs://fc-56ac46ea-efc4-4683-b6d5-6d95bed41c5e/CCDG_14151/Project_CCDG_14151_B01_GRM_WGS.cram.2020-02-12/Sample_HG01943/analysis/HG01943.final.cram.crai	gs://str-truth-set-v2/filter_vcf_v2/HPRC_release2/HG01943/HG01943.high_confidence_regions.vcf.gz
HG01952	HG01952	male	gs://fc-56ac46ea-efc4-4683-b6d5-6d95bed41c5e/CCDG_14151/Project_CCDG_14151_B01_GRM_WGS.cram.2020-02-12/Sample_HG01952/analysis/HG01952.final.cram	gs://fc-56ac46ea-efc4-4683-b6d5-6d95bed41c5e/CCDG_14151/Project_CCDG_14151_B01_GRM_WGS.cram.2020-02-12/Sample_HG01952/analysis/HG01952.final.cram.crai	gs://str-truth-set-v2/filter_vcf_v2/HG01952/HG01952.high_confidence_regions.vcf.gz
HG01969	HG01969	female	gs://fc-56ac46ea-efc4-4683-b6d5-6d95bed41c5e/CCDG_14151/Project_CCDG_14151_B01_GRM_WGS.cram.2020-02-12/Sample_HG01969/analysis/HG01969.final.cram	gs://fc-56ac46ea-efc4-4683-b6d5-6d95bed41c5e/CCDG_14151/Project_CCDG_14151_B01_GRM_WGS.cram.2020-02-12/Sample_HG01969/analysis/HG01969.final.cram.crai	gs://str-truth-set-v2/filter_vcf_v2/HPRC_release2/HG01969/HG01969.high_confidence_regions.vcf.gz
HG01975	HG01975	female	gs://fc-56ac46ea-efc4-4683-b6d5-6d95bed41c5e/CCDG_14151/Project_CCDG_14151_B01_GRM_WGS.cram.2020-02-12/Sample_HG01975/analysis/HG01975.final.cram	gs://fc-56ac46ea-efc4-4683-b6d5-6d95bed41c5e/CCDG_14151/Project_CCDG_14151_B01_GRM_WGS.cram.2020-02-12/Sample_HG01975/analysis/HG01975.final.cram.crai	gs://str-truth-set-v2/filter_vcf_v2/HPRC_release2/HG01975/HG01975.high_confidence_regions.vcf.gz
HG01978	HG01978	female	gs://fc-56ac46ea-efc4-4683-b6d5-6d95bed41c5e/CCDG_14151/Project_CCDG_14151_B01_GRM_WGS.cram.2020-02-12/Sample_HG01978/analysis/HG01978.final.cram	gs://fc-56ac46ea-efc4-4683-b6d5-6d95bed41c5e/CCDG_14151/Project_CCDG_14151_B01_GRM_WGS.cram.2020-02-12/Sample_HG01978/analysis/HG01978.final.cram.crai	gs://str-truth-set-v2/filter_vcf_v2/HG01978/HG01978.high_confidence_regions.vcf.gz
HG01981	HG01981	female	gs://fc-56ac46ea-efc4-4683-b6d5-6d95bed41c5e/CCDG_14151/Project_CCDG_14151_B01_GRM_WGS.cram.2020-02-12/Sample_HG01981/analysis/HG01981.final.cram	gs://fc-56ac46ea-efc4-4683-b6d5-6d95bed41c5e/CCDG_14151/Project_CCDG_14151_B01_GRM_WGS.cram.2020-02-12/Sample_HG01981/analysis/HG01981.final.cram.crai	gs://str-truth-set-v2/filter_vcf_v2/HPRC_release2/HG01981/HG01981.high_confidence_regions.vcf.gz
HG01993	HG01993	female	gs://fc-56ac46ea-efc4-4683-b6d5-6d95bed41c5e/CCDG_14151/Project_CCDG_14151_B01_GRM_WGS.cram.2020-02-12/Sample_HG01993/analysis/HG01993.final.cram	gs://fc-56ac46ea-efc4-4683-b6d5-6d95bed41c5e/CCDG_14151/Project_CCDG_14151_B01_GRM_WGS.cram.2020-02-12/Sample_HG01993/analysis/HG01993.final.cram.crai	gs://str-truth-set-v2/filter_vcf_v2/HPRC_release2/HG01993/HG01993.high_confidence_regions.vcf.gz
HG02004	HG02004	female	gs://fc-56ac46ea-efc4-4683-b6d5-6d95bed41c5e/CCDG_14151/Project_CCDG_14151_B01_GRM_WGS.cram.2020-02-12/Sample_HG02004/analysis/HG02004.final.cram	gs://fc-56ac46ea-efc4-4683-b6d5-6d95bed41c5e/CCDG_14151/Project_CCDG_14151_B01_GRM_WGS.cram.2020-02-12/Sample_HG02004/analysis/HG02004.final.cram.crai	gs://str-truth-set-v2/filter_vcf_v2/HPRC_release2/HG02004/HG02004.high_confidence_regions.vcf.gz
HG02015	HG02015	male	gs://fc-56ac46ea-efc4-4683-b6d5-6d95bed41c5e/CCDG_14151/Project_CCDG_14151_B01_GRM_WGS.cram.2020-02-12/Sample_HG02015/analysis/HG02015.final.cram	gs://fc-56ac46ea-efc4-4683-b6d5-6d95bed41c5e/CCDG_14151/Project_CCDG_14151_B01_GRM_WGS.cram.2020-02-12/Sample_HG02015/analysis/HG02015.final.cram.crai	gs://str-truth-set-v2/filter_vcf_v2/HPRC_release2/HG02015/HG02015.high_confidence_regions.vcf.gz
HG02027	HG02027	male	gs://fc-56ac46ea-efc4-4683-b6d5-6d95bed41c5e/CCDG_14151/Project_CCDG_14151_B01_GRM_WGS.cram.2020-02-12/Sample_HG02027/analysis/HG02027.final.cram	gs://fc-56ac46ea-efc4-4683-b6d5-6d95bed41c5e/CCDG_14151/Project_CCDG_14151_B01_GRM_WGS.cram.2020-02-12/Sample_HG02027/analysis/HG02027.final.cram.crai	gs://str-truth-set-v2/filter_vcf_v2/HPRC_release2/HG02027/HG02027.high_confidence_regions.vcf.gz
HG02056	HG02056	male	gs://fc-56ac46ea-efc4-4683-b6d5-6d95bed41c5e/CCDG_14151/Project_CCDG_14151_B01_GRM_WGS.cram.2020-02-12/Sample_HG02056/analysis/HG02056.final.cram	gs://fc-56ac46ea-efc4-4683-b6d5-6d95bed41c5e/CCDG_14151/Project_CCDG_14151_B01_GRM_WGS.cram.2020-02-12/Sample_HG02056/analysis/HG02056.final.cram.crai	gs://str-truth-set-v2/filter_vcf_v2/HPRC_release2/HG02056/HG02056.high_confidence_regions.vcf.gz
HG02074	HG02074	male	gs://fc-56ac46ea-efc4-4683-b6d5-6d95bed41c5e/CCDG_14151/Project_CCDG_14151_B01_GRM_WGS.cram.2020-02-12/Sample_HG02074/analysis/HG02074.final.cram	gs://fc-56ac46ea-efc4-4683-b6d5-6d95bed41c5e/CCDG_14151/Project_CCDG_14151_B01_GRM_WGS.cram.2020-02-12/Sample_HG02074/analysis/HG02074.final.cram.crai	gs://str-truth-set-v2/filter_vcf_v2/HPRC_release2/HG02074/HG02074.high_confidence_regions.vcf.gz
HG02083	HG02083	male	gs://fc-56ac46ea-efc4-4683-b6d5-6d95bed41c5e/CCDG_14151/Project_CCDG_14151_B01_GRM_WGS.cram.2020-02-12/Sample_HG02083/analysis/HG02083.final.cram	gs://fc-56ac46ea-efc4-4683-b6d5-6d95bed41c5e/CCDG_14151/Project_CCDG_14151_B01_GRM_WGS.cram.2020-02-12/Sample_HG02083/analysis/HG02083.final.cram.crai	gs://str-truth-set-v2/filter_vcf_v2/HPRC_release2/HG02083/HG02083.high_confidence_regions.vcf.gz
HG02132	HG02132	male	gs://fc-56ac46ea-efc4-4683-b6d5-6d95bed41c5e/CCDG_14151/Project_CCDG_14151_B01_GRM_WGS.cram.2020-02-12/Sample_HG02132/analysis/HG02132.final.cram	gs://fc-56ac46ea-efc4-4683-b6d5-6d95bed41c5e/CCDG_14151/Project_CCDG_14151_B01_GRM_WGS.cram.2020-02-12/Sample_HG02132/analysis/HG02132.final.cram.crai	gs://str-truth-set-v2/filter_vcf_v2/HPRC_release2/HG02132/HG02132.high_confidence_regions.vcf.gz
HG02145	HG02145	male	gs://fc-56ac46ea-efc4-4683-b6d5-6d95bed41c5e/CCDG_14151/Project_CCDG_14151_B01_GRM_WGS.cram.2020-02-12/Sample_HG02145/analysis/HG02145.final.cram	gs://fc-56ac46ea-efc4-4683-b6d5-6d95bed41c5e/CCDG_14151/Project_CCDG_14151_B01_GRM_WGS.cram.2020-02-12/Sample_HG02145/analysis/HG02145.final.cram.crai	gs://str-truth-set-v2/filter_vcf_v2/HG02145/HG02145.high_confidence_regions.vcf.gz
HG02148	HG02148	female	gs://fc-56ac46ea-efc4-4683-b6d5-6d95bed41c5e/CCDG_14151/Project_CCDG_14151_B01_GRM_WGS.cram.2020-02-12/Sample_HG02148/analysis/HG02148.final.cram	gs://fc-56ac46ea-efc4-4683-b6d5-6d95bed41c5e/CCDG_14151/Project_CCDG_14151_B01_GRM_WGS.cram.2020-02-12/Sample_HG02148/analysis/HG02148.final.cram.crai	gs://str-truth-set-v2/filter_vcf_v2/HG02148/HG02148.high_confidence_regions.vcf.gz
HG02257	HG02257	female	gs://fc-56ac46ea-efc4-4683-b6d5-6d95bed41c5e/CCDG_14151/Project_CCDG_14151_B01_GRM_WGS.cram.2020-02-12/Sample_HG02257/analysis/HG02257.final.cram	gs://fc-56ac46ea-efc4-4683-b6d5-6d95bed41c5e/CCDG_14151/Project_CCDG_14151_B01_GRM_WGS.cram.2020-02-12/Sample_HG02257/analysis/HG02257.final.cram.crai	gs://str-truth-set-v2/filter_vcf_v2/HG02257/HG02257.high_confidence_regions.vcf.gz
HG02258	HG02258	male	gs://fc-56ac46ea-efc4-4683-b6d5-6d95bed41c5e/CCDG_14151/Project_CCDG_14151_B01_GRM_WGS.cram.2020-02-12/Sample_HG02258/analysis/HG02258.final.cram	gs://fc-56ac46ea-efc4-4683-b6d5-6d95bed41c5e/CCDG_14151/Project_CCDG_14151_B01_GRM_WGS.cram.2020-02-12/Sample_HG02258/analysis/HG02258.final.cram.crai	gs://str-truth-set-v2/filter_vcf_v2/HPRC_release2/HG02258/HG02258.high_confidence_regions.vcf.gz
HG02280	HG02280	female	gs://fc-56ac46ea-efc4-4683-b6d5-6d95bed41c5e/CCDG_14151/Project_CCDG_14151_B01_GRM_WGS.cram.2020-02-12/Sample_HG02280/analysis/HG02280.final.cram	gs://fc-56ac46ea-efc4-4683-b6d5-6d95bed41c5e/CCDG_14151/Project_CCDG_14151_B01_GRM_WGS.cram.2020-02-12/Sample_HG02280/analysis/HG02280.final.cram.crai	gs://str-truth-set-v2/filter_vcf_v2/HPRC_release2/HG02280/HG02280.high_confidence_regions.vcf.gz
HG02293	HG02293	female	gs://fc-56ac46ea-efc4-4683-b6d5-6d95bed41c5e/CCDG_14151/Project_CCDG_14151_B01_GRM_WGS.cram.2020-02-12/Sample_HG02293/analysis/HG02293.final.cram	gs://fc-56ac46ea-efc4-4683-b6d5-6d95bed41c5e/CCDG_14151/Project_CCDG_14151_B01_GRM_WGS.cram.2020-02-12/Sample_HG02293/analysis/HG02293.final.cram.crai	gs://str-truth-set-v2/filter_vcf_v2/HPRC_release2/HG02293/HG02293.high_confidence_regions.vcf.gz
HG02300	HG02300	female	gs://fc-56ac46ea-efc4-4683-b6d5-6d95bed41c5e/CCDG_14151/Project_CCDG_14151_B01_GRM_WGS.cram.2020-02-12/Sample_HG02300/analysis/HG02300.final.cram	gs://fc-56ac46ea-efc4-4683-b6d5-6d95bed41c5e/CCDG_14151/Project_CCDG_14151_B01_GRM_WGS.cram.2020-02-12/Sample_HG02300/analysis/HG02300.final.cram.crai	gs://str-truth-set-v2/filter_vcf_v2/HPRC_release2/HG02300/HG02300.high_confidence_regions.vcf.gz
HG02514	HG02514	male	gs://fc-56ac46ea-efc4-4683-b6d5-6d95bed41c5e/CCDG_14151/Project_CCDG_14151_B01_GRM_WGS.cram.2020-02-12/Sample_HG02514/analysis/HG02514.final.cram	gs://fc-56ac46ea-efc4-4683-b6d5-6d95bed41c5e/CCDG_14151/Project_CCDG_14151_B01_GRM_WGS.cram.2020-02-12/Sample_HG02514/analysis/HG02514.final.cram.crai	gs://str-truth-set-v2/filter_vcf_v2/HPRC_release2/HG02514/HG02514.high_confidence_regions.vcf.gz
HG02523	HG02523	female	gs://fc-56ac46ea-efc4-4683-b6d5-6d95bed41c5e/CCDG_14151/Project_CCDG_14151_B01_GRM_WGS.cram.2020-02-12/Sample_HG02523/analysis/HG02523.final.cram	gs://fc-56ac46ea-efc4-4683-b6d5-6d95bed41c5e/CCDG_14151/Project_CCDG_14151_B01_GRM_WGS.cram.2020-02-12/Sample_HG02523/analysis/HG02523.final.cram.crai	gs://str-truth-set-v2/filter_vcf_v2/HPRC_release2/HG02523/HG02523.high_confidence_regions.vcf.gz
HG02572	HG02572	male	gs://fc-56ac46ea-efc4-4683-b6d5-6d95bed41c5e/CCDG_14151/Project_CCDG_14151_B01_GRM_WGS.cram.2020-02-12/Sample_HG02572/analysis/HG02572.final.cram	gs://fc-56ac46ea-efc4-4683-b6d5-6d95bed41c5e/CCDG_14151/Project_CCDG_14151_B01_GRM_WGS.cram.2020-02-12/Sample_HG02572/analysis/HG02572.final.cram.crai	gs://str-truth-set-v2/filter_vcf_v2/HG02572/HG02572.high_confidence_regions.vcf.gz
HG02587	HG02587	female	gs://fc-56ac46ea-efc4-4683-b6d5-6d95bed41c5e/CCDG_14151/Project_CCDG_14151_B01_GRM_WGS.cram.2020-02-12/Sample_HG02587/analysis/HG02587.final.cram	gs://fc-56ac46ea-efc4-4683-b6d5-6d95bed41c5e/CCDG_14151/Project_CCDG_14151_B01_GRM_WGS.cram.2020-02-12/Sample_HG02587/analysis/HG02587.final.cram.crai	gs://str-truth-set-v2/filter_vcf_v2/HG02587/HG02587.high_confidence_regions.vcf.gz
HG02602	HG02602	male	gs://fc-56ac46ea-efc4-4683-b6d5-6d95bed41c5e/CCDG_14151/Project_CCDG_14151_B01_GRM_WGS.cram.2020-02-12/Sample_HG02602/analysis/HG02602.final.cram	gs://fc-56ac46ea-efc4-4683-b6d5-6d95bed41c5e/CCDG_14151/Project_CCDG_14151_B01_GRM_WGS.cram.2020-02-12/Sample_HG02602/analysis/HG02602.final.cram.crai	gs://str-truth-set-v2/filter_vcf_v2/HPRC_release2/HG02602/HG02602.high_confidence_regions.vcf.gz
HG02630	HG02630	female	gs://fc-56ac46ea-efc4-4683-b6d5-6d95bed41c5e/CCDG_14151/Project_CCDG_14151_B01_GRM_WGS.cram.2020-02-12/Sample_HG02630/analysis/HG02630.final.cram	gs://fc-56ac46ea-efc4-4683-b6d5-6d95bed41c5e/CCDG_14151/Project_CCDG_14151_B01_GRM_WGS.cram.2020-02-12/Sample_HG02630/analysis/HG02630.final.cram.crai	gs://str-truth-set-v2/filter_vcf_v2/HG02630/HG02630.high_confidence_regions.vcf.gz
HG02668	HG02668	male	gs://fc-56ac46ea-efc4-4683-b6d5-6d95bed41c5e/CCDG_14151/Project_CCDG_14151_B01_GRM_WGS.cram.2020-02-12/Sample_HG02668/analysis/HG02668.final.cram	gs://fc-56ac46ea-efc4-4683-b6d5-6d95bed41c5e/CCDG_14151/Project_CCDG_14151_B01_GRM_WGS.cram.2020-02-12/Sample_HG02668/analysis/HG02668.final.cram.crai	gs://str-truth-set-v2/filter_vcf_v2/HPRC_release2/HG02668/HG02668.high_confidence_regions.vcf.gz
HG02698	HG02698	male	gs://fc-56ac46ea-efc4-4683-b6d5-6d95bed41c5e/CCDG_14151/Project_CCDG_14151_B01_GRM_WGS.cram.2020-02-12/Sample_HG02698/analysis/HG02698.final.cram	gs://fc-56ac46ea-efc4-4683-b6d5-6d95bed41c5e/CCDG_14151/Project_CCDG_14151_B01_GRM_WGS.cram.2020-02-12/Sample_HG02698/analysis/HG02698.final.cram.crai	gs://str-truth-set-v2/filter_vcf_v2/HPRC_release2/HG02698/HG02698.high_confidence_regions.vcf.gz
HG02717	HG02717	male	gs://fc-56ac46ea-efc4-4683-b6d5-6d95bed41c5e/CCDG_14151/Project_CCDG_14151_B01_GRM_WGS.cram.2020-02-12/Sample_HG02717/analysis/HG02717.final.cram	gs://fc-56ac46ea-efc4-4683-b6d5-6d95bed41c5e/CCDG_14151/Project_CCDG_14151_B01_GRM_WGS.cram.2020-02-12/Sample_HG02717/analysis/HG02717.final.cram.crai	gs://str-truth-set-v2/filter_vcf_v2/HG02717/HG02717.high_confidence_regions.vcf.gz
HG02723	HG02723	female	gs://fc-56ac46ea-efc4-4683-b6d5-6d95bed41c5e/CCDG_14151/Project_CCDG_14151_B01_GRM_WGS.cram.2020-02-12/Sample_HG02723/analysis/HG02723.final.cram	gs://fc-56ac46ea-efc4-4683-b6d5-6d95bed41c5e/CCDG_14151/Project_CCDG_14151_B01_GRM_WGS.cram.2020-02-12/Sample_HG02723/analysis/HG02723.final.cram.crai	gs://str-truth-set-v2/filter_vcf_v2/HG02723/HG02723.high_confidence_regions.vcf.gz
HG02735	HG02735	male	gs://fc-56ac46ea-efc4-4683-b6d5-6d95bed41c5e/CCDG_14151/Project_CCDG_14151_B01_GRM_WGS.cram.2020-02-12/Sample_HG02735/analysis/HG02735.final.cram	gs://fc-56ac46ea-efc4-4683-b6d5-6d95bed41c5e/CCDG_14151/Project_CCDG_14151_B01_GRM_WGS.cram.2020-02-12/Sample_HG02735/analysis/HG02735.final.cram.crai	gs://str-truth-set-v2/filter_vcf_v2/HPRC_release2/HG02735/HG02735.high_confidence_regions.vcf.gz
HG02738	HG02738	male	gs://fc-56ac46ea-efc4-4683-b6d5-6d95bed41c5e/CCDG_14151/Project_CCDG_14151_B01_GRM_WGS.cram.2020-02-12/Sample_HG02738/analysis/HG02738.final.cram	gs://fc-56ac46ea-efc4-4683-b6d5-6d95bed41c5e/CCDG_14151/Project_CCDG_14151_B01_GRM_WGS.cram.2020-02-12/Sample_HG02738/analysis/HG02738.final.cram.crai	gs://str-truth-set-v2/filter_vcf_v2/HPRC_release2/HG02738/HG02738.high_confidence_regions.vcf.gz
HG02809	HG02809	female	gs://fc-56ac46ea-efc4-4683-b6d5-6d95bed41c5e/CCDG_14151/Project_CCDG_14151_B01_GRM_WGS.cram.2020-02-12/Sample_HG02809/analysis/HG02809.final.cram	gs://fc-56ac46ea-efc4-4683-b6d5-6d95bed41c5e/CCDG_14151/Project_CCDG_14151_B01_GRM_WGS.cram.2020-02-12/Sample_HG02809/analysis/HG02809.final.cram.crai	gs://str-truth-set-v2/filter_vcf_v2/HPRC_release2/HG02809/HG02809.high_confidence_regions.vcf.gz
HG02818	HG02818	female	gs://fc-56ac46ea-efc4-4683-b6d5-6d95bed41c5e/CCDG_14151/Project_CCDG_14151_B01_GRM_WGS.cram.2020-02-12/Sample_HG02818/analysis/HG02818.final.cram	gs://fc-56ac46ea-efc4-4683-b6d5-6d95bed41c5e/CCDG_14151/Project_CCDG_14151_B01_GRM_WGS.cram.2020-02-12/Sample_HG02818/analysis/HG02818.final.cram.crai	gs://str-truth-set-v2/filter_vcf_v2/HG02818/HG02818.high_confidence_regions.vcf.gz
HG02886	HG02886	female	gs://fc-56ac46ea-efc4-4683-b6d5-6d95bed41c5e/CCDG_14151/Project_CCDG_14151_B01_GRM_WGS.cram.2020-02-12/Sample_HG02886/analysis/HG02886.final.cram	gs://fc-56ac46ea-efc4-4683-b6d5-6d95bed41c5e/CCDG_14151/Project_CCDG_14151_B01_GRM_WGS.cram.2020-02-12/Sample_HG02886/analysis/HG02886.final.cram.crai	gs://str-truth-set-v2/filter_vcf_v2/HG02886/HG02886.high_confidence_regions.vcf.gz
HG02984	HG02984	male	gs://fc-56ac46ea-efc4-4683-b6d5-6d95bed41c5e/CCDG_14151/Project_CCDG_14151_B01_GRM_WGS.cram.2020-02-12/Sample_HG02984/analysis/HG02984.final.cram	gs://fc-56ac46ea-efc4-4683-b6d5-6d95bed41c5e/CCDG_14151/Project_CCDG_14151_B01_GRM_WGS.cram.2020-02-12/Sample_HG02984/analysis/HG02984.final.cram.crai	gs://str-truth-set-v2/filter_vcf_v2/HPRC_release2/HG02984/HG02984.high_confidence_regions.vcf.gz
HG03017	HG03017	male	gs://fc-56ac46ea-efc4-4683-b6d5-6d95bed41c5e/CCDG_14151/Project_CCDG_14151_B01_GRM_WGS.cram.2020-02-12/Sample_HG03017/analysis/HG03017.final.cram	gs://fc-56ac46ea-efc4-4683-b6d5-6d95bed41c5e/CCDG_14151/Project_CCDG_14151_B01_GRM_WGS.cram.2020-02-12/Sample_HG03017/analysis/HG03017.final.cram.crai	gs://str-truth-set-v2/filter_vcf_v2/HPRC_release2/HG03017/HG03017.high_confidence_regions.vcf.gz
HG03041	HG03041	female	gs://fc-56ac46ea-efc4-4683-b6d5-6d95bed41c5e/CCDG_14151/Project_CCDG_14151_B01_GRM_WGS.cram.2020-02-12/Sample_HG03041/analysis/HG03041.final.cram	gs://fc-56ac46ea-efc4-4683-b6d5-6d95bed41c5e/CCDG_14151/Project_CCDG_14151_B01_GRM_WGS.cram.2020-02-12/Sample_HG03041/analysis/HG03041.final.cram.crai	gs://str-truth-set-v2/filter_vcf_v2/HPRC_release2/HG03041/HG03041.high_confidence_regions.vcf.gz
HG03050	HG03050	male	gs://fc-56ac46ea-efc4-4683-b6d5-6d95bed41c5e/CCDG_14151/Project_CCDG_14151_B01_GRM_WGS.cram.2020-02-12/Sample_HG03050/analysis/HG03050.final.cram	gs://fc-56ac46ea-efc4-4683-b6d5-6d95bed41c5e/CCDG_14151/Project_CCDG_14151_B01_GRM_WGS.cram.2020-02-12/Sample_HG03050/analysis/HG03050.final.cram.crai	gs://str-truth-set-v2/filter_vcf_v2/HPRC_release2/HG03050/HG03050.high_confidence_regions.vcf.gz
HG03098	HG03098	male	gs://fc-56ac46ea-efc4-4683-b6d5-6d95bed41c5e/CCDG_14151/Project_CCDG_14151_B01_GRM_WGS.cram.2020-02-12/Sample_HG03098/analysis/HG03098.final.cram	gs://fc-56ac46ea-efc4-4683-b6d5-6d95bed41c5e/CCDG_14151/Project_CCDG_14151_B01_GRM_WGS.cram.2020-02-12/Sample_HG03098/analysis/HG03098.final.cram.crai	gs://str-truth-set-v2/filter_vcf_v2/HG03098/HG03098.high_confidence_regions.vcf.gz
HG03486	HG03486	female	gs://fc-56ac46ea-efc4-4683-b6d5-6d95bed41c5e/CCDG_14151/Project_CCDG_14151_B01_GRM_WGS.cram.2020-02-12/Sample_HG03486/analysis/HG03486.final.cram	gs://fc-56ac46ea-efc4-4683-b6d5-6d95bed41c5e/CCDG_14151/Project_CCDG_14151_B01_GRM_WGS.cram.2020-02-12/Sample_HG03486/analysis/HG03486.final.cram.crai	gs://str-truth-set-v2/filter_vcf_v2/HG03486/HG03486.high_confidence_regions.vcf.gz
HG03516	HG03516	female	gs://fc-56ac46ea-efc4-4683-b6d5-6d95bed41c5e/CCDG_14151/Project_CCDG_14151_B01_GRM_WGS.cram.2020-02-12/Sample_HG03516/analysis/HG03516.final.cram	gs://fc-56ac46ea-efc4-4683-b6d5-6d95bed41c5e/CCDG_14151/Project_CCDG_14151_B01_GRM_WGS.cram.2020-02-12/Sample_HG03516/analysis/HG03516.final.cram.crai	gs://str-truth-set-v2/filter_vcf_v2/HG03516/HG03516.high_confidence_regions.vcf.gz
HG03540	HG03540	female	gs://fc-56ac46ea-efc4-4683-b6d5-6d95bed41c5e/CCDG_14151/Project_CCDG_14151_B01_GRM_WGS.cram.2020-02-12/Sample_HG03540/analysis/HG03540.final.cram	gs://fc-56ac46ea-efc4-4683-b6d5-6d95bed41c5e/CCDG_14151/Project_CCDG_14151_B01_GRM_WGS.cram.2020-02-12/Sample_HG03540/analysis/HG03540.final.cram.crai	gs://str-truth-set-v2/filter_vcf_v2/HG03540/HG03540.high_confidence_regions.vcf.gz
HG03579	HG03579	male	gs://fc-56ac46ea-efc4-4683-b6d5-6d95bed41c5e/CCDG_14151/Project_CCDG_14151_B01_GRM_WGS.cram.2020-02-12/Sample_HG03579/analysis/HG03579.final.cram	gs://fc-56ac46ea-efc4-4683-b6d5-6d95bed41c5e/CCDG_14151/Project_CCDG_14151_B01_GRM_WGS.cram.2020-02-12/Sample_HG03579/analysis/HG03579.final.cram.crai	gs://str-truth-set-v2/filter_vcf_v2/HG03579/HG03579.high_confidence_regions.vcf.gz
HG03654	HG03654	male	gs://fc-56ac46ea-efc4-4683-b6d5-6d95bed41c5e/CCDG_14151/Project_CCDG_14151_B01_GRM_WGS.cram.2020-02-12/Sample_HG03654/analysis/HG03654.final.cram	gs://fc-56ac46ea-efc4-4683-b6d5-6d95bed41c5e/CCDG_14151/Project_CCDG_14151_B01_GRM_WGS.cram.2020-02-12/Sample_HG03654/analysis/HG03654.final.cram.crai	gs://str-truth-set-v2/filter_vcf_v2/HPRC_release2/HG03654/HG03654.high_confidence_regions.vcf.gz
HG03683	HG03683	female	gs://fc-56ac46ea-efc4-4683-b6d5-6d95bed41c5e/CCDG_14151/Project_CCDG_14151_B01_GRM_WGS.cram.2020-02-12/Sample_HG03683/analysis/HG03683.final.cram	gs://fc-56ac46ea-efc4-4683-b6d5-6d95bed41c5e/CCDG_14151/Project_CCDG_14151_B01_GRM_WGS.cram.2020-02-12/Sample_HG03683/analysis/HG03683.final.cram.crai	gs://str-truth-set-v2/filter_vcf_v2/HG03683/HG03683.high_confidence_regions.vcf.gz
HG03704	HG03704	female	gs://fc-56ac46ea-efc4-4683-b6d5-6d95bed41c5e/CCDG_14151/Project_CCDG_14151_B01_GRM_WGS.cram.2020-02-12/Sample_HG03704/analysis/HG03704.final.cram	gs://fc-56ac46ea-efc4-4683-b6d5-6d95bed41c5e/CCDG_14151/Project_CCDG_14151_B01_GRM_WGS.cram.2020-02-12/Sample_HG03704/analysis/HG03704.final.cram.crai	gs://str-truth-set-v2/filter_vcf_v2/HPRC_release2/HG03704/HG03704.high_confidence_regions.vcf.gz
HG03834	HG03834	female	gs://fc-56ac46ea-efc4-4683-b6d5-6d95bed41c5e/CCDG_14151/Project_CCDG_14151_B01_GRM_WGS.cram.2020-02-12/Sample_HG03834/analysis/HG03834.final.cram	gs://fc-56ac46ea-efc4-4683-b6d5-6d95bed41c5e/CCDG_14151/Project_CCDG_14151_B01_GRM_WGS.cram.2020-02-12/Sample_HG03834/analysis/HG03834.final.cram.crai	gs://str-truth-set-v2/filter_vcf_v2/HPRC_release2/HG03834/HG03834.high_confidence_regions.vcf.gz
HG03942	HG03942	male	gs://fc-56ac46ea-efc4-4683-b6d5-6d95bed41c5e/CCDG_14151/Project_CCDG_14151_B01_GRM_WGS.cram.2020-02-12/Sample_HG03942/analysis/HG03942.final.cram	gs://fc-56ac46ea-efc4-4683-b6d5-6d95bed41c5e/CCDG_14151/Project_CCDG_14151_B01_GRM_WGS.cram.2020-02-12/Sample_HG03942/analysis/HG03942.final.cram.crai	gs://str-truth-set-v2/filter_vcf_v2/HPRC_release2/HG03942/HG03942.high_confidence_regions.vcf.gz
HG04115	HG04115	male	gs://fc-56ac46ea-efc4-4683-b6d5-6d95bed41c5e/CCDG_14151/Project_CCDG_14151_B01_GRM_WGS.cram.2020-02-12/Sample_HG04115/analysis/HG04115.final.cram	gs://fc-56ac46ea-efc4-4683-b6d5-6d95bed41c5e/CCDG_14151/Project_CCDG_14151_B01_GRM_WGS.cram.2020-02-12/Sample_HG04115/analysis/HG04115.final.cram.crai	gs://str-truth-set-v2/filter_vcf_v2/HPRC_release2/HG04115/HG04115.high_confidence_regions.vcf.gz
HG04157	HG04157	male	gs://fc-56ac46ea-efc4-4683-b6d5-6d95bed41c5e/CCDG_14151/Project_CCDG_14151_B01_GRM_WGS.cram.2020-02-12/Sample_HG04157/analysis/HG04157.final.cram	gs://fc-56ac46ea-efc4-4683-b6d5-6d95bed41c5e/CCDG_14151/Project_CCDG_14151_B01_GRM_WGS.cram.2020-02-12/Sample_HG04157/analysis/HG04157.final.cram.crai	gs://str-truth-set-v2/filter_vcf_v2/HPRC_release2/HG04157/HG04157.high_confidence_regions.vcf.gz
HG04160	HG04160	male	gs://fc-56ac46ea-efc4-4683-b6d5-6d95bed41c5e/CCDG_14151/Project_CCDG_14151_B01_GRM_WGS.cram.2020-02-12/Sample_HG04160/analysis/HG04160.final.cram	gs://fc-56ac46ea-efc4-4683-b6d5-6d95bed41c5e/CCDG_14151/Project_CCDG_14151_B01_GRM_WGS.cram.2020-02-12/Sample_HG04160/analysis/HG04160.final.cram.crai	gs://str-truth-set-v2/filter_vcf_v2/HPRC_release2/HG04160/HG04160.high_confidence_regions.vcf.gz
HG04184	HG04184	female	gs://fc-56ac46ea-efc4-4683-b6d5-6d95bed41c5e/CCDG_14151/Project_CCDG_14151_B01_GRM_WGS.cram.2020-02-12/Sample_HG04184/analysis/HG04184.final.cram	gs://fc-56ac46ea-efc4-4683-b6d5-6d95bed41c5e/CCDG_14151/Project_CCDG_14151_B01_GRM_WGS.cram.2020-02-12/Sample_HG04184/analysis/HG04184.final.cram.crai	gs://str-truth-set-v2/filter_vcf_v2/HPRC_release2/HG04184/HG04184.high_confidence_regions.vcf.gz
HG04187	HG04187	male	gs://fc-56ac46ea-efc4-4683-b6d5-6d95bed41c5e/CCDG_14151/Project_CCDG_14151_B01_GRM_WGS.cram.2020-02-12/Sample_HG04187/analysis/HG04187.final.cram	gs://fc-56ac46ea-efc4-4683-b6d5-6d95bed41c5e/CCDG_14151/Project_CCDG_14151_B01_GRM_WGS.cram.2020-02-12/Sample_HG04187/analysis/HG04187.final.cram.crai	gs://str-truth-set-v2/filter_vcf_v2/HPRC_release2/HG04187/HG04187.high_confidence_regions.vcf.gz
HG04199	HG04199	male	gs://fc-56ac46ea-efc4-4683-b6d5-6d95bed41c5e/CCDG_14151/Project_CCDG_14151_B01_GRM_WGS.cram.2020-02-12/Sample_HG04199/analysis/HG04199.final.cram	gs://fc-56ac46ea-efc4-4683-b6d5-6d95bed41c5e/CCDG_14151/Project_CCDG_14151_B01_GRM_WGS.cram.2020-02-12/Sample_HG04199/analysis/HG04199.final.cram.crai	gs://str-truth-set-v2/filter_vcf_v2/HPRC_release2/HG04199/HG04199.high_confidence_regions.vcf.gz
NA19240	NA19240	female	gs://fc-56ac46ea-efc4-4683-b6d5-6d95bed41c5e/CCDG_14151/Project_CCDG_14151_B01_GRM_WGS.cram.2020-02-12/Sample_NA19240/analysis/NA19240.final.cram	gs://fc-56ac46ea-efc4-4683-b6d5-6d95bed41c5e/CCDG_14151/Project_CCDG_14151_B01_GRM_WGS.cram.2020-02-12/Sample_NA19240/analysis/NA19240.final.cram.crai	gs://str-truth-set-v2/filter_vcf_v2/NA19240/NA19240.high_confidence_regions.vcf.gz
CHM1_CHM13	CHM1_CHM13	female	gs://broad-public-datasets/CHM1_CHM13_WGS2/CHM1_CHM13_WGS2.cram	gs://broad-public-datasets/CHM1_CHM13_WGS2/CHM1_CHM13_WGS2.cram.crai	gs://str-truth-set-v2/filter_vcf_v2/CHM1_CHM13/CHM1_CHM13.high_confidence_regions.vcf.gz
HG002_10x	HG002	male	gs://str-truth-set-v2/raw_data/HG002/illumina/HG002.pcr_free.downsampled_to_10x.bam	gs://str-truth-set-v2/raw_data/HG002/illumina/HG002.pcr_free.downsampled_to_10x.bam.bai	gs://str-truth-set-v2/filter_vcf_v2/HG002/HG002.high_confidence_regions.vcf.gz
HG002_20x	HG002	male	gs://str-truth-set-v2/raw_data/HG002/illumina/HG002.pcr_free.downsampled_to_20x.bam	gs://str-truth-set-v2/raw_data/HG002/illumina/HG002.pcr_free.downsampled_to_20x.bam.bai	gs://str-truth-set-v2/filter_vcf_v2/HG002/HG002.high_confidence_regions.vcf.gz
HG002	HG002	male	gs://str-truth-set-v2/raw_data/HG002/illumina/HG002.pcr_free.cram	gs://str-truth-set-v2/raw_data/HG002/illumina/HG002.pcr_free.cram.crai	gs://str-truth-set-v2/filter_vcf_v2/HG002/HG002.high_confidence_regions.vcf.gz
